3,BL_8,BL_9
WL_0,8267473.598351633,12844931.70894159
WL_0,8267473.598351633,12844931.70894159
