3,BL_8,BL_9
WL_0,9393190.363986662,11075832.992587077
WL_0,9393190.363986662,11075832.992587077
