3,BL_0,BL_1
WL_0,174759268.91138566,1567357.2755230556
WL_0,174759268.91138566,1567357.2755230556
