3,BL_8,BL_9
WL_0,7505526.200128004,9551214.86490863
WL_0,7505526.200128004,9551214.86490863
