3,BL_0,BL_1
WL_0,151143440.41256186,1581410.5176110223
WL_0,151143440.41256186,1581410.5176110223
