Chip_ID,Device_ID,OP,Row,Col,Res,Cond,Meas_I,Meas_V,Success/State,Prog_VBL,Prog_VSL,Prog_VWL,Prog_Pulse
chip,device,READ,WL_4,BL_0,4878359.034674698,2.0498696239701488e-07,6.149608871910446e-08,0.29892817983454056,reset
chip,device,READ,WL_4,BL_7,4624790.87492657,2.1622599314090663e-07,6.486779794227198e-08,0.3006384246078393,reset
chip,device,READ,WL_4,BL_15,2506207.571241285,3.9900924866519165e-07,-1.197027745995575e-07,0.29946579920642297,reset
