Chip_ID,Device_ID,OP,Row,Col,Res,Cond,Meas_I,Meas_V,Success/State,Prog_VBL,Prog_VSL,Prog_VWL,Prog_Pulse
chip,device,READ,WL_3,BL_0,5266884.68158191,1.8986555819172593e-07,5.695966745751778e-08,0.299315318397555,reset
chip,device,READ,WL_3,BL_7,4321063.890993798,2.314244883266493e-07,6.942734649799479e-08,0.3005504398059039,reset
chip,device,READ,WL_3,BL_15,2074478.9963117768,4.820487465903021e-07,-1.4461462397709063e-07,0.29967697046412606,reset
