Chip_ID,Device_ID,OP,Row,Col,Res,Cond,Meas_I,Meas_V,Success/State,Prog_VBL,Prog_VSL,Prog_VWL,Prog_Pulse
chip,device,READ,WL_2,BL_0,6264771.164330007,1.5962274978114801e-07,4.78868249343444e-08,0.2992097351530965,reset
chip,device,READ,WL_2,BL_7,2832761.282300586,3.530124498128782e-07,1.0590373494386345e-07,0.3003040823604848,reset
chip,device,READ,WL_2,BL_15,2827135.0234712115,3.537149770696769e-07,-1.0611449312090306e-07,0.29951859202084874,reset
chip,device,READ,WL_126,BL_0,5065182.304061072,1.974262602943704e-07,5.922787808831112e-08,0.2987698049678528,reset
chip,device,READ,WL_126,BL_7,3028332.714136525,3.302147070339767e-07,9.9064412110193e-08,0.30048005196435557,reset
chip,device,READ,WL_126,BL_15,2213111.2586126826,4.518525655266256e-07,-1.3555576965798767e-07,0.29967697046412606,reset
