Chip_ID,Device_ID,OP,Row,Col,Res,Cond,Meas_I,Meas_V,Prog_VBL,Prog_VSL,Prog_VWL,Prog_Pulse,Success/State
chip,device,READ,WL_2,BL_0,1046.2464789684702,0.0009557977208066056,-0.00028673931624198165,0.29887426199103767,set
chip,device,READ,WL_2,BL_7,11677.575555665786,8.5634213645898e-05,2.56902640937694e-05,0.3000387201978479,unknown
chip,device,READ,WL_2,BL_15,9481.91717806552,0.00010546390368324414,-3.163917110497324e-05,0.29944397817646107,unknown
chip,device,READ,WL_126,BL_0,1045.598708300376,0.0009563898578504396,-0.00028691695735513187,0.29870772202011175,set
chip,device,READ,WL_126,BL_7,12333.398995161544,8.108064941321571e-05,2.432419482396471e-05,0.3001668260694662,unknown
chip,device,READ,WL_126,BL_15,9755.26144473257,0.00010250878519918683,-3.075263555975605e-05,0.299244491728351,unknown
