Chip_ID,Device_ID,OP,Row,Col,Res,Cond,Meas_I,Meas_V,Success/State,Prog_VBL,Prog_VSL,Prog_VWL,Prog_Pulse
chip,device,READ,WL_3,BL_0,5981453.240330806,1.671834518837925e-07,5.0155035565137745e-08,0.2992097351530965,reset
chip,device,READ,WL_3,BL_7,3819396.3496514494,2.618214786981346e-07,7.854644360944038e-08,0.3002160975585494,reset
chip,device,READ,WL_3,BL_15,1981391.2395486957,5.046958823880595e-07,-1.5140876471641784e-07,0.299536189625658,reset
