Chip_ID,Device_ID,OP,Row,Col,Res,Cond,Meas_I,Meas_V,Prog_VBL,Prog_VSL,Prog_VWL,Prog_Pulse,Success/State
chip,device,READ,WL_2,BL_0,993.8657837892524,0.0010061720770659394,0.0007043204539461576,0.2990096900992632,set
chip,device,READ,WL_2,BL_7,72959.1924781586,1.3706292052223092e-05,9.594404436556165e-06,0.30037545563181567,reset
chip,device,READ,WL_2,BL_15,42861.54091139285,2.333093908283158e-05,-1.6331657357982104e-05,0.29908526860004314,unknown
chip,device,READ,WL_126,BL_0,994.5346847986187,0.0010054953490158947,0.0007038467443111262,0.2990298213045397,set
chip,device,READ,WL_126,BL_7,95401.37533324183,1.0482029179421675e-05,7.337420425595171e-06,0.30036447512853326,reset
chip,device,READ,WL_126,BL_15,40935.70084930033,2.442855451971801e-05,-1.7099988163802605e-05,0.2992426615774503,unknown
