Chip_ID,Device_ID,OP,Row,Col,Res,Cond,Meas_I,Meas_V,Success/State,Prog_VBL,Prog_VSL,Prog_VWL,Prog_Pulse
chip,device,READ,WL_3,BL_0,5065182.304061072,1.974262602943704e-07,5.922787808831112e-08,0.2993329156049647,reset
chip,device,READ,WL_3,BL_7,3933566.296115184,2.5422223110555084e-07,7.626666933166525e-08,0.30058563372667807,reset
chip,device,READ,WL_3,BL_15,2329886.648059663,4.2920542972886826e-07,-1.2876162891866046e-07,0.29951859202084874,reset
