Chip_ID,Device_ID,OP,Row,Col,Res,Cond,Meas_I,Meas_V,Prog_VBL,Prog_VSL,Prog_VWL,Prog_Pulse,Success/State
chip,device,READ,WL_2,BL_0,1791.3502630121577,0.0005582381182776051,-0.00027911905913880256,0.4999145434873156,set
chip,device,READ,WL_2,BL_7,1145857.9662708314,8.727085113825033e-07,-4.3635425569125167e-07,0.4993769466870198,reset
chip,device,READ,WL_2,BL_15,4040631.8299786975,2.4748604725149436e-07,-1.2374302362574718e-07,0.5003167655934637,reset
chip,device,READ,WL_126,BL_0,1791.2768400878338,0.0005582609999864487,-0.00027913049999322433,0.499762644392956,set
chip,device,READ,WL_126,BL_7,1134149.236620827,8.817181793283908e-07,-4.408590896641954e-07,0.499357730806277,reset
chip,device,READ,WL_126,BL_15,4337870.260416609,2.3052787196635982e-07,-1.1526393598317991e-07,0.5003103600653127,reset
