Chip_ID,Device_ID,OP,Row,Col,Res,Cond,Meas_I,Meas_V,Success/State,Prog_VBL,Prog_VSL,Prog_VWL,Prog_Pulse
chip,device,READ,WL_2,BL_0,5485317.404333761,1.8230485608908142e-07,5.469145682672443e-08,0.2991921379456868,reset
chip,device,READ,WL_2,BL_7,3819396.3496514494,2.618214786981346e-07,7.854644360944038e-08,0.3003392762812596,reset
chip,device,READ,WL_2,BL_15,2011478.149571969,4.971468371221404e-07,-1.491440511366421e-07,0.2994833968112322,reset
