Chip_ID,Device_ID,OP,Row,Col,Res,Cond,Meas_I,Meas_V,Success/State,Prog_VBL,Prog_VSL,Prog_VWL,Prog_Pulse
chip,device,READ,WL_2,BL_0,21639298.827170223,4.621221824176686e-08,1.3863665472530058e-08,0.2990513602864088,reset
chip,device,READ,WL_2,BL_7,7997759.218120941,1.2503502202645057e-07,3.751050660793517e-08,0.300356873241646,reset
chip,device,READ,WL_2,BL_15,1746306.1135642454,5.726372897813318e-07,-1.7179118693439952e-07,0.29958898244008375,reset
chip,device,READ,WL_126,BL_0,4543216.668391437,2.2010836660230385e-07,6.603250998069116e-08,0.29884019379749244,reset
chip,device,READ,WL_126,BL_7,2895083.31926437,3.454132022197193e-07,1.0362396066591579e-07,0.30032167932087184,reset
chip,device,READ,WL_126,BL_15,2176744.6532780603,4.5940161079254466e-07,-1.378204832377634e-07,0.29971216567374387,reset
