Chip_ID,Device_ID,OP,Row,Col,Res,Cond,Meas_I,Meas_V,Success/State,Prog_VBL,Prog_VSL,Prog_VWL,Prog_Pulse
chip,device,READ,WL_2,BL_0,5722652.101297858,1.7474415398643696e-07,5.242324619593109e-08,0.29903376307899904,reset
chip,device,READ,WL_2,BL_7,3028332.714136525,3.302147070339767e-07,9.9064412110193e-08,0.30042726108319434,reset
chip,device,READ,WL_2,BL_15,2604769.303560188,3.8391115813335334e-07,-1.15173347440006e-07,0.29951859202084874,reset
chip,device,READ,WL_126,BL_0,9372261.390429832,1.0669783506263666e-07,3.2009350518790996e-08,0.29892817983454056,reset
chip,device,READ,WL_126,BL_7,3933566.296115184,2.5422223110555084e-07,7.626666933166525e-08,0.3001809036377752,reset
chip,device,READ,WL_126,BL_15,2042492.8719728927,4.895977918562213e-07,-1.4687933755686639e-07,0.29985294651221195,reset
