Chip_ID,Device_ID,OP,Row,Col,Res,Cond,Meas_I,Meas_V,Success/State,Prog_VBL,Prog_VSL,Prog_VWL,Prog_Pulse
chip,device,READ,WL_2,BL_0,7729173.389681787,1.2937994137057007e-07,3.881398241117102e-08,0.29903376307899904,reset
chip,device,READ,WL_2,BL_7,3933566.296115184,2.5422223110555084e-07,7.626666933166525e-08,0.3006560215682264,reset
chip,device,READ,WL_2,BL_15,2329886.648059663,4.2920542972886826e-07,-1.2876162891866046e-07,0.29971216567374387,reset
