Chip_ID,Device_ID,OP,Row,Col,Res,Cond,Meas_I,Meas_V,Success/State,Prog_VBL,Prog_VSL,Prog_VWL,Prog_Pulse
chip,device,READ,WL_2,BL_0,13079584.741379103,7.645502665205873e-08,2.2936507995617618e-08,0.29894577704195097,reset
chip,device,READ,WL_2,BL_7,3933566.296115184,2.5422223110555084e-07,7.626666933166525e-08,0.30012811275661394,reset
chip,device,READ,WL_2,BL_15,2011478.149571969,4.971468371221404e-07,-1.491440511366421e-07,0.2995537872304659,reset
chip,device,READ,WL_126,BL_0,70060399.02956085,1.4273398579675035e-08,-4.28201957390251e-09,0.2989985686641795,reset
chip,device,READ,WL_126,BL_7,4467771.359126647,2.2382524073377792e-07,6.714757222013338e-08,0.3004976489247427,reset
chip,device,READ,WL_126,BL_15,1679869.2474227021,5.952844255790891e-07,-1.7858532767372673e-07,0.29971216567374387,reset
