Chip_ID,Device_ID,OP,Row,Col,Res,Cond,Meas_I,Meas_V,Success/State,Prog_VBL,Prog_VSL,Prog_VWL,Prog_Pulse
chip,device,READ,WL_3,BL_0,5485317.404333761,1.8230485608908142e-07,5.469145682672443e-08,0.2993505128123751,reset
chip,device,READ,WL_3,BL_7,4183684.922139701,2.390237359195206e-07,7.170712077585618e-08,0.3001633066773888,reset
chip,device,READ,WL_3,BL_15,2176744.6532780603,4.5940161079254466e-07,-1.378204832377634e-07,0.3000465201651071,reset
