Chip_ID,Device_ID,OP,Row,Col,Res,Cond,Meas_I,Meas_V,Success/State,Prog_VBL,Prog_VSL,Prog_VWL,Prog_Pulse
chip,device,READ,WL_2,BL_0,9372261.390429832,1.0669783506263666e-07,3.2009350518790996e-08,0.2993329156049647,reset
chip,device,READ,WL_2,BL_7,4793249.290128791,2.0862674554803527e-07,6.258802366441059e-08,0.30032167932087184,reset
chip,device,READ,WL_2,BL_15,2074478.9963117768,4.820487465903021e-07,-1.4461462397709063e-07,0.29971216567374387,reset
chip,device,READ,WL_126,BL_0,8208883.966190511,1.218192392679256e-07,3.654577178037768e-08,0.2992977211901459,reset
chip,device,READ,WL_126,BL_7,4974443.845602826,2.0102749795516395e-07,6.030824938654918e-08,0.3004096641228073,reset
chip,device,READ,WL_126,BL_15,2042492.8719728927,4.895977918562213e-07,-1.4687933755686639e-07,0.2997473608833604,reset
