Chip_ID,Device_ID,OP,Row,Col,Res,Cond,Meas_I,Meas_V,Success/State,Prog_VBL,Prog_VSL,Prog_VWL,Prog_Pulse
chip,device,READ,WL_3,BL_0,5065182.304061072,1.974262602943704e-07,5.922787808831112e-08,0.2990689574938192,reset
chip,device,READ,WL_3,BL_7,3609848.004747792,2.7701997388387733e-07,8.310599216516319e-08,0.30039206716242084,reset
chip,device,READ,WL_3,BL_15,2213111.2586126826,4.518525655266256e-07,-1.3555576965798767e-07,0.2997473608833604,reset
