Chip_ID,Device_ID,OP,Row,Col,Res,Cond,Meas_I,Meas_V,Prog_VBL,Prog_VSL,Prog_VWL,Prog_Pulse,Success/State
chip,device,READ,WL_2,BL_0,2981.9720920655564,0.0003353485442270919,-0.00010060456326812756,0.29860889610329894,set
chip,device,READ,WL_2,BL_7,1036187.5756990172,9.65076230841115e-07,-2.895228692523345e-07,0.30031872303152685,reset
chip,device,READ,WL_2,BL_15,9479258.938440204,1.0549347860356564e-07,-3.1648043581069694e-08,0.29961784251196905,reset
chip,device,READ,WL_126,BL_0,2982.04723949494,0.00033534009346188856,-0.00010060202803856656,0.2988028877177835,set
chip,device,READ,WL_126,BL_7,1083006.8214163422,9.233552182914352e-07,-2.7700656548743056e-07,0.30038094588345554,reset
chip,device,READ,WL_126,BL_15,9980085.34729747,1.0019954391179555e-07,-3.005986317353866e-08,0.29953182541966505,reset
