Chip_ID,Device_ID,OP,Row,Col,Res,Cond,Meas_I,Meas_V,Prog_VBL,Prog_VSL,Prog_VWL,Prog_Pulse,Success/State
chip,device,READ,WL_2,BL_0,2981.6715402184277,0.0003353823472879052,-0.00010061470418637156,0.29897766318177715,set
chip,device,READ,WL_2,BL_7,1122924.20888335,8.90532052020156e-07,-2.671596156060468e-07,0.30026107538929964,reset
chip,device,READ,WL_2,BL_15,9989859.485028492,1.0010150808413977e-07,-3.003045242524193e-08,0.2993552158578068,reset
chip,device,READ,WL_126,BL_0,2981.5230340563744,0.0003353990522888887,-0.00010061971568666661,0.29870223169139953,set
chip,device,READ,WL_126,BL_7,1049955.280367015,9.524215161339511e-07,-2.8572645484018533e-07,0.3003406840380903,reset
chip,device,READ,WL_126,BL_15,9559209.90414722,1.0461115615487786e-07,-3.138334684646336e-08,0.29961784251196905,reset
