Chip_ID,Device_ID,OP,Row,Col,Res,Cond,Meas_I,Meas_V,Success/State,Prog_VBL,Prog_VSL,Prog_VWL,Prog_Pulse
chip,device,READ,WL_2,BL_0,6920350.782983188,1.445013455761451e-07,4.3350403672843534e-08,0.29912174911604844,reset
chip,device,READ,WL_2,BL_7,3174439.7982976576,3.15016211848234e-07,9.450486355447018e-08,0.3001985005981623,reset
chip,device,READ,WL_2,BL_15,2289615.9221080337,4.367544749947873e-07,-1.310263424984362e-07,0.29946579920642297,reset
chip,device,READ,WL_126,BL_0,5981453.240330806,1.671834518837925e-07,5.0155035565137745e-08,0.2992097351530965,reset
chip,device,READ,WL_126,BL_7,3513466.1489533056,2.8461922147674863e-07,8.538576644302459e-08,0.3003040823604848,reset
chip,device,READ,WL_126,BL_15,2042492.8719728927,4.895977918562213e-07,-1.4687933755686639e-07,0.2993426159727628,reset
