Chip_ID,Device_ID,OP,Row,Col,Res,Cond,Meas_I,Meas_V,Prog_VBL,Prog_VSL,Prog_VWL,Prog_Pulse,Success/State
chip,device,READ,WL_0,BL_0,-1046.2464789684702,-0.0009557977208066056,-0.00028673931624198165,0.29907557404380575,set
chip,device,READ,WL_0,BL_7,19612.638901659564,5.098752926692506e-05,1.5296258780077517e-05,0.30051820217447606,unknown
chip,device,READ,WL_0,BL_15,-11074.896756710536,-9.029429546547031e-05,-2.7088288639641094e-05,0.2991511540324463,set
chip,device,READ,WL_127,BL_0,-1044.5208711684268,-0.0009573767529234484,-0.00028721302587703454,0.2991432880979181,set
chip,device,READ,WL_127,BL_7,19093.663274003557,5.23733966420955e-05,1.571201899262865e-05,0.30051820217447606,unknown
chip,device,READ,WL_127,BL_15,-11221.801959182783,-8.911224807186171e-05,-2.6733674421558513e-05,0.2992115490121494,set
