Chip_ID,Device_ID,OP,Row,Col,Res,Cond,Meas_I,Meas_V,Prog_VBL,Prog_VSL,Prog_VWL,Prog_Pulse,Success/State
chip,device,READ,WL_0,BL_0,-1033.8634704946614,-0.0009672457036532501,-0.00029017371109597503,0.2991011955777932,set
chip,device,READ,WL_0,BL_7,23007.414546593423,4.34642492303884e-05,1.3039274769116519e-05,0.3004889208323919,unknown
chip,device,READ,WL_0,BL_15,-10437.267589362142,-9.58105166355243e-05,-2.8743154990657284e-05,0.2991767761450471,set
chip,device,READ,WL_127,BL_0,-1038.7387366574194,-0.0009627059863175242,-0.00028881179589525723,0.2989309953877262,set
chip,device,READ,WL_127,BL_7,21174.826263899697,4.722588924872876e-05,1.4167766774618626e-05,0.3003260433670489,unknown
chip,device,READ,WL_127,BL_15,-10723.927986743496,-9.324941394945595e-05,-2.7974824184836783e-05,0.29924083142655095,set
