Chip_ID,Device_ID,OP,Row,Col,Res,Cond,Meas_I,Meas_V,Success/State,Prog_VBL,Prog_VSL,Prog_VWL,Prog_Pulse
chip,device,READ,WL_3,BL_0,7302433.920544552,1.3694064347321458e-07,4.108219304196437e-08,0.2992801239827355,reset
chip,device,READ,WL_3,BL_7,3819396.3496514494,2.618214786981346e-07,7.854644360944038e-08,0.30048005196435557,reset
chip,device,READ,WL_3,BL_15,2554538.0892270245,3.914602033992725e-07,-1.1743806101978175e-07,0.29937781118238,reset
