Chip_ID,Device_ID,OP,Row,Col,Res,Cond,Meas_I,Meas_V,Prog_VBL,Prog_VSL,Prog_VWL,Prog_Pulse,Success/State
chip,device,READ,WL_2,BL_0,1130.911799241733,0.0008842422553823311,-0.0002652726766146993,0.29904995250981625,set
chip,device,READ,WL_2,BL_7,5841884.031456851,1.7117765341031934e-07,5.13532960230958e-08,0.3003736255479348,reset
chip,device,READ,WL_2,BL_15,2505449.1427474353,3.991300333893092e-07,-1.1973901001679277e-07,0.29953365557056577,reset
chip,device,READ,WL_126,BL_0,1130.9067709437102,0.0008842461869474244,-0.00026527385608422733,0.2990060298801221,set
chip,device,READ,WL_126,BL_7,3886170.5797956176,2.5732272412308576e-07,7.719681723692573e-08,0.3000130990235241,reset
chip,device,READ,WL_126,BL_15,2535372.05855031,3.944194291435814e-07,-1.183258287430744e-07,0.29957757919216743,reset
