Chip_ID,Device_ID,OP,Row,Col,Res,Cond,Meas_I,Meas_V,Prog_VBL,Prog_VSL,Prog_VWL,Prog_Pulse,Success/State
chip,device,READ,WL_2,BL_0,990.3687634769304,0.001009724899328667,0.0007068074295300668,0.2990774041533756,set
chip,device,READ,WL_2,BL_7,78290.43257979308,1.2772952799574926e-05,8.941066959702448e-06,0.3004212077288214,reset
chip,device,READ,WL_2,BL_15,41220.64111312362,2.425969060635559e-05,-1.6981783424448912e-05,0.29940737515845883,unknown
chip,device,READ,WL_126,BL_0,992.5306774684101,0.0010075255331660291,0.0007052678732162203,0.2990408019619636,set
chip,device,READ,WL_126,BL_7,76263.98658848552,1.3112348891435762e-05,9.178644224005033e-06,0.30032421328316805,reset
chip,device,READ,WL_126,BL_15,41950.65367413186,2.383753082294955e-05,-1.6686271576064682e-05,0.299248152030151,unknown
