Chip_ID,Device_ID,OP,Row,Col,Res,Cond,Meas_I,Meas_V,Prog_VBL,Prog_VSL,Prog_VWL,Prog_Pulse,Success/State
chip,device,READ,WL_2,BL_0,1037.250099588361,0.0009640876394197079,-0.00028922629182591235,0.2991030256873644,set
chip,device,READ,WL_2,BL_7,20911.8256927362,4.7819832409341174e-05,1.434594972280235e-05,0.30049990133567234,unknown
chip,device,READ,WL_2,BL_15,9774.045827248272,0.00010231177730026402,-3.0693533190079205e-05,0.29925913293555106,unknown
chip,device,READ,WL_126,BL_0,1039.1648466772665,0.0009623112282882776,-0.00028869336848648327,0.2989950492226976,set
chip,device,READ,WL_126,BL_7,22595.717662994175,4.425617344465833e-05,1.32768520333975e-05,0.3006700991365361,unknown
chip,device,READ,WL_126,BL_15,10480.367559288174,9.541650083767863e-05,-2.862495025130359e-05,0.29921886961574945,unknown
