Chip_ID,Device_ID,OP,Row,Col,Res,Cond,Meas_I,Meas_V,Success/State,Prog_VBL,Prog_VSL,Prog_VWL,Prog_Pulse
chip,device,READ,WL_3,BL_0,6576262.882598064,1.5206204767850355e-07,4.561861430355106e-08,0.2990689574938192,reset
chip,device,READ,WL_3,BL_7,3422097.1836032504,2.9221846906962e-07,8.766554072088598e-08,0.3004096641228073,reset
chip,device,READ,WL_3,BL_15,2289615.9221080337,4.367544749947873e-07,-1.310263424984362e-07,0.2995009944160401,reset
