Chip_ID,Device_ID,OP,Row,Col,Res,Cond,Meas_I,Meas_V,Success/State,Prog_VBL,Prog_VSL,Prog_VWL,Prog_Pulse
chip,device,READ,WL_3,BL_0,5485317.404333761,1.8230485608908142e-07,5.469145682672443e-08,0.2994033044346044,reset
chip,device,READ,WL_3,BL_7,5610735.418501951,1.7822975517654992e-07,5.3468926552964975e-08,0.3005680367662917,reset
chip,device,READ,WL_3,BL_15,2141553.9030205295,4.669506560584638e-07,-1.4008519681753912e-07,0.29958898244008375,reset
