Chip_ID,Device_ID,OP,Row,Col,Res,Cond,Meas_I,Meas_V,Success/State,Prog_VBL,Prog_VSL,Prog_VWL,Prog_Pulse
chip,device,READ,WL_3,BL_0,5485317.404333761,1.8230485608908142e-07,5.469145682672443e-08,0.2994736932642434,reset
chip,device,READ,WL_3,BL_7,4183684.922139701,2.390237359195206e-07,7.170712077585618e-08,0.30053284284551685,reset
chip,device,READ,WL_3,BL_15,2250713.6549654715,4.4430352026070646e-07,-1.3329105607821192e-07,0.29960658004489166,reset
