Chip_ID,Device_ID,OP,Row,Col,Res,Cond,Meas_I,Meas_V,Success/State,Prog_VBL,Prog_VSL,Prog_VWL,Prog_Pulse
chip,device,READ,WL_3,BL_0,6264771.164330007,1.5962274978114801e-07,4.78868249343444e-08,0.2994384988494232,reset
chip,device,READ,WL_3,BL_7,6133792.991947595,1.6303125999080727e-07,4.890937799724218e-08,0.3009903638155809,reset
chip,device,READ,WL_3,BL_15,2213111.2586126826,4.518525655266256e-07,-1.3555576965798767e-07,0.29943060399680577,reset
