Chip_ID,Device_ID,OP,Row,Col,Res,Cond,Meas_I,Meas_V,Prog_VBL,Prog_VSL,Prog_VWL,Prog_Pulse,Success/State
chip,device,READ,WL_0,BL_0,-1050.150020786733,-0.00095224489854396,-0.000285673469563188,0.29890903407287917,set
chip,device,READ,WL_0,BL_7,17940.7356152941,5.573907455319285e-05,1.6721722365957854e-05,0.3004138873933007,unknown
chip,device,READ,WL_0,BL_15,-10589.69103916599,-9.443146134306453e-05,-2.832943840291936e-05,0.2991840967486472,set
chip,device,READ,WL_127,BL_0,-1040.0181163676064,-0.0009615217122299997,-0.0002884565136689999,0.2990151804279741,set
chip,device,READ,WL_127,BL_7,18533.192320800703,5.3957245070923446e-05,1.6187173521277035e-05,0.30061702670400897,unknown
chip,device,READ,WL_127,BL_15,-10746.632381087591,-9.305240605046146e-05,-2.7915721815138435e-05,0.29910906056174397,set
