Chip_ID,Device_ID,OP,Row,Col,Res,Cond,Meas_I,Meas_V,Success/State,Prog_VBL,Prog_VSL,Prog_VWL,Prog_Pulse
chip,device,READ,WL_2,BL_0,4118777.759325567,2.427904729105233e-07,7.283714187315699e-08,0.29901616587158997,reset
chip,device,READ,WL_2,BL_7,2960209.2699356014,3.37813954626848e-07,1.0134418638805439e-07,0.3004976489247427,reset
chip,device,READ,WL_2,BL_15,2888788.029455487,3.4616593180375776e-07,-1.0384977954112733e-07,0.2997473608833604,reset
chip,device,READ,WL_126,BL_0,4543216.668391437,2.2010836660230385e-07,6.603250998069116e-08,0.29885779100490156,reset
chip,device,READ,WL_126,BL_7,2960209.2699356014,3.37813954626848e-07,1.0134418638805439e-07,0.30067361852861346,reset
chip,device,READ,WL_126,BL_15,2657015.5863489616,3.763621128674343e-07,-1.1290863386023028e-07,0.29978255609297755,reset
