Chip_ID,Device_ID,OP,Row,Col,Res,Cond,Meas_I,Meas_V,Prog_VBL,Prog_VSL,Prog_VWL,Prog_Pulse,Success/State
chip,device,READ,WL_2,BL_0,2981.5736992020165,0.00033539335293561196,-0.00010061800588068357,0.29891635451116194,set
chip,device,READ,WL_2,BL_7,1105013.4797709868,9.049663359828417e-07,-2.714899007948525e-07,0.30022355866975436,reset
chip,device,READ,WL_2,BL_15,10158998.58699564,9.84348990145626e-08,-2.9530469704368777e-08,0.29933782942425563,reset
chip,device,READ,WL_126,BL_0,2981.448786522622,0.00033540740478938037,-0.00010062222143681412,0.29901975570190076,set
chip,device,READ,WL_126,BL_7,1114019.5326015626,8.976503290428908e-07,-2.6929509871286723e-07,0.30026107538929964,reset
chip,device,READ,WL_126,BL_15,10461141.773567926,9.559186001347301e-08,-2.8677558004041904e-08,0.29956110783406664,reset
