Chip_ID,Device_ID,OP,Row,Col,Res,Cond,Meas_I,Meas_V,Prog_VBL,Prog_VSL,Prog_VWL,Prog_Pulse,Success/State
chip,device,READ,WL_2,BL_0,1047.9777978074915,0.000954218688689906,-0.0002862656066069718,0.2989675975791389,set
chip,device,READ,WL_2,BL_7,16975.977057528904,5.8906771410632686e-05,1.7672031423189805e-05,0.3007213414851843,unknown
chip,device,READ,WL_2,BL_15,10044.833435023107,9.95536667152012e-05,-2.9866100014560356e-05,0.2994512987800605,unknown
chip,device,READ,WL_126,BL_0,1052.987409602364,0.0009496789713541081,-0.00028490369140623243,0.29891635451116194,set
chip,device,READ,WL_126,BL_7,16213.10343331142,6.167850616097356e-05,1.8503551848292068e-05,0.30054199326491904,unknown
chip,device,READ,WL_126,BL_15,10044.833435023107,9.95536667152012e-05,-2.9866100014560356e-05,0.2994696002890626,unknown
