Chip_ID,Device_ID,OP,Row,Col,Res,Cond,Meas_I,Meas_V,Success/State,Prog_VBL,Prog_VSL,Prog_VWL,Prog_Pulse
chip,device,READ,WL_2,BL_0,6920350.782983188,1.445013455761451e-07,4.3350403672843534e-08,0.2990689574938192,reset
chip,device,READ,WL_2,BL_7,5610735.418501951,1.7822975517654992e-07,5.3468926552964975e-08,0.30004012795467855,reset
chip,device,READ,WL_2,BL_15,683328.6653153314,1.4634246311597893e-06,-4.3902738934793677e-07,0.29946579920642297,reset
chip,device,READ,WL_126,BL_0,6920350.782983188,1.445013455761451e-07,4.3350403672843534e-08,0.29892817983454056,reset
chip,device,READ,WL_126,BL_7,7130962.838840146,1.4023351721219325e-07,4.2070055163657975e-08,0.30009291883583983,reset
chip,device,READ,WL_126,BL_15,697725.4742137861,1.4332284500961128e-06,-4.2996853502883386e-07,0.29944820160161434,reset
