Chip_ID,Device_ID,OP,Row,Col,Res,Cond,Meas_I,Meas_V,Prog_VBL,Prog_VSL,Prog_VWL,Prog_Pulse,Success/State
chip,device,READ,WL_2,BL_0,1130.785099764274,0.0008843413308226843,-0.0002653023992468053,0.2990298213045397,set
chip,device,READ,WL_2,BL_7,102733.48283911591,9.733924835061162e-06,-2.9201774505183483e-06,0.3004852606646309,reset
chip,device,READ,WL_2,BL_15,723960.40116532,1.3812910186667033e-06,-4.14387305600011e-07,0.2996361440209705,reset
chip,device,READ,WL_126,BL_0,1130.854479294794,0.0008842870752243955,-0.00026528612256731865,0.29887975231974995,set
chip,device,READ,WL_126,BL_7,103422.04462658652,9.66911845158911e-06,-2.900735535476733e-06,0.30036813529629364,reset
chip,device,READ,WL_126,BL_15,727267.325392614,1.3750102130054471e-06,-4.1250306390163414e-07,0.2995025430052642,reset
