Chip_ID,Device_ID,OP,Row,Col,Res,Cond,Meas_I,Meas_V,Prog_VBL,Prog_VSL,Prog_VWL,Prog_Pulse,Success/State
chip,device,READ,WL_2,BL_0,-1034.9194140536074,-0.0009662588085802412,-0.00028987764257407236,0.2988706017718966,set
chip,device,READ,WL_2,BL_7,14745.80035726833,6.78159188224118e-05,2.034477564672354e-05,0.3004212077288214,unknown
chip,device,READ,WL_2,BL_15,-10815.326080394512,-9.246138235376468e-05,-2.77384147061294e-05,0.29918958720134725,set
chip,device,READ,WL_126,BL_0,-1044.5208711684268,-0.0009573767529234484,-0.00028721302587703454,0.29901701053754465,set
chip,device,READ,WL_126,BL_7,16317.860419124927,6.12825440538746e-05,1.838476321616238e-05,0.3005859152780446,unknown
chip,device,READ,WL_126,BL_15,-10634.061720861393,-9.403744554521889e-05,-2.8211233663565667e-05,0.2992627932373511,set
