Chip_ID,Device_ID,OP,Row,Col,Res,Cond,Meas_I,Meas_V,Success/State,Prog_VBL,Prog_VSL,Prog_VWL,Prog_Pulse
chip,device,READ,WL_2,BL_0,5065182.304061072,1.974262602943704e-07,5.922787808831112e-08,0.299315318397555,reset
chip,device,READ,WL_2,BL_7,4321063.890993798,2.314244883266493e-07,6.942734649799479e-08,0.3004976489247427,reset
chip,device,READ,WL_2,BL_15,2042492.8719728927,4.895977918562213e-07,-1.4687933755686639e-07,0.2995537872304659,reset
