Chip_ID,Device_ID,OP,Row,Col,Res,Cond,Meas_I,Meas_V,Prog_VBL,Prog_VSL,Prog_VWL,Prog_Pulse,Success/State
chip,device,READ,WL_2,BL_0,1005.0537363543465,0.0009949716754721215,-0.0004974858377360607,0.4997617293381711,set
chip,device,READ,WL_2,BL_7,718527.1469376882,1.3917358644860241e-06,6.958679322430121e-07,0.4991628268730299,reset
chip,device,READ,WL_2,BL_15,279912.6403331662,3.5725432006562812e-06,-1.7862716003281408e-06,0.5003213409707128,reset
chip,device,READ,WL_126,BL_0,1004.4944607042112,0.00099552564909013,-0.000497762824545065,0.5000664425816773,set
chip,device,READ,WL_126,BL_7,692639.7906417187,1.4437518801417941e-06,7.218759400708971e-07,0.4993119787092706,reset
chip,device,READ,WL_126,BL_15,273974.707580315,3.649971958476687e-06,-1.8249859792383436e-06,0.500217022369408,reset
