Chip_ID,Device_ID,OP,Row,Col,Res,Cond,Meas_I,Meas_V,Success/State,Prog_VBL,Prog_VSL,Prog_VWL,Prog_Pulse
chip,device,READ,WL_2,BL_0,0.0,inf,8.190998439624456e-08,0.29882259659008203,set
chip,device,READ,WL_2,BL_7,0.0,inf,8.082621788730179e-08,0.3005680367662917,set
chip,device,READ,WL_2,BL_15,0.0,inf,-1.197027745995575e-07,0.2995009944160401,set
chip,device,READ,WL_126,BL_0,0.0,inf,7.510535250386453e-08,0.2989985686641795,set
chip,device,READ,WL_126,BL_7,0.0,inf,8.082621788730179e-08,0.30025129147932356,set
chip,device,READ,WL_126,BL_15,0.0,inf,-1.0384977954112733e-07,0.29946579920642297,set
