Chip_ID,Device_ID,OP,Row,Col,Res,Cond,Meas_I,Meas_V,Success/State,Prog_VBL,Prog_VSL,Prog_VWL,Prog_Pulse
chip,device,READ,WL_2,BL_0,5485317.404333761,1.8230485608908142e-07,5.469145682672443e-08,0.29882259659008203,reset
chip,device,READ,WL_2,BL_7,2832761.282300586,3.530124498128782e-07,1.0590373494386345e-07,0.3002336945189371,reset
chip,device,READ,WL_2,BL_15,2506207.571241285,3.9900924866519165e-07,-1.197027745995575e-07,0.29937781118238,reset
chip,device,READ,WL_126,BL_0,10087037.723832102,9.913713295999217e-08,2.974113988799765e-08,0.2992097351530965,reset
chip,device,READ,WL_126,BL_7,2895083.31926437,3.454132022197193e-07,1.0362396066591579e-07,0.3003744702020331,reset
chip,device,READ,WL_126,BL_15,1843518.0961192746,5.424411087176552e-07,-1.6273233261529653e-07,0.2995009944160401,reset
