Chip_ID,Device_ID,OP,Row,Col,Res,Cond,Meas_I,Meas_V,Prog_VBL,Prog_VSL,Prog_VWL,Prog_Pulse,Success/State
chip,device,READ,WL_2,BL_0,1131.1974799871857,0.0008840189424850275,-0.00026520568274550826,0.298682100486123,set
chip,device,READ,WL_2,BL_7,1238787.927640327,8.072406726668898e-07,-2.421722018000669e-07,0.3002528400118385,reset
chip,device,READ,WL_2,BL_15,2748759.2671076083,3.6380050154492195e-07,-1.0914015046347659e-07,0.29929939625535334,reset
chip,device,READ,WL_126,BL_0,1131.122022104248,0.0008840779159614282,-0.00026522337478842846,0.2989364857164385,set
chip,device,READ,WL_126,BL_7,1244881.879907085,8.032890639187692e-07,-2.4098671917563075e-07,0.3000680015399327,reset
chip,device,READ,WL_126,BL_15,2613402.604823119,3.826429185286904e-07,-1.1479287555860712e-07,0.299526334966965,reset
