Chip_ID,Device_ID,OP,Row,Col,Res,Cond,Meas_I,Meas_V,Prog_VBL,Prog_VSL,Prog_VWL,Prog_Pulse,Success/State
chip,device,READ,WL_2,BL_0,988.2988631661646,0.0010118396744850532,0.0007082877721395371,0.29904446218110464,set
chip,device,READ,WL_2,BL_7,112740.8713123917,8.869897743020964e-06,6.208928420114674e-06,0.30033885395420945,reset
chip,device,READ,WL_2,BL_15,38918.02614692951,2.5695033870028283e-05,-1.7986523709019795e-05,0.29928292489725256,unknown
chip,device,READ,WL_126,BL_0,990.7837844265197,0.0010093019442973775,0.0007065113610081642,0.2989675975791389,set
chip,device,READ,WL_126,BL_7,83268.7196320873,1.2009311592857176e-05,8.406518115000023e-06,0.3004980712517921,reset
chip,device,READ,WL_126,BL_15,39436.36592520832,2.5357306043272736e-05,-1.7750114230290914e-05,0.29923534097385024,unknown
