Chip_ID,Device_ID,OP,Row,Col,Res,Cond,Meas_I,Meas_V,Prog_VBL,Prog_VSL,Prog_VWL,Prog_Pulse,Success/State
chip,device,READ,WL_2,BL_0,-1045.598708300376,-0.0009563898578504396,-0.00028691695735513187,0.29915975908405296,set
chip,device,READ,WL_2,BL_7,16058.465836671252,6.227244932180204e-05,1.8681734796540613e-05,0.30049624116791196,unknown
chip,device,READ,WL_2,BL_15,-10165.53358473629,-9.837161932173594e-05,-2.951148579652078e-05,0.2994329972710603,set
chip,device,READ,WL_126,BL_0,-1050.585546438355,-0.0009518501405146418,-0.0002855550421543925,0.2988706017718966,set
chip,device,READ,WL_126,BL_7,18533.192320800703,5.3957245070923446e-05,1.6187173521277035e-05,0.3003663052124141,unknown
chip,device,READ,WL_126,BL_15,-10523.824961850349,-9.502248503990466e-05,-2.85067455119714e-05,0.29935064048055643,set
