Chip_ID,Device_ID,OP,Row,Col,Res,Cond,Meas_I,Meas_V,Prog_VBL,Prog_VSL,Prog_VWL,Prog_Pulse,Success/State
chip,device,READ,WL_2,BL_0,1130.7579535696323,0.0008843625612741886,-0.00026530876838225655,0.29901426537318987,set
chip,device,READ,WL_2,BL_7,1305911.318516932,7.657487808097548e-07,-2.2972463424292643e-07,0.3002921868152633,reset
chip,device,READ,WL_2,BL_15,2493188.700973776,4.01092785158791e-07,-1.203278355476373e-07,0.2994696002890626,reset
chip,device,READ,WL_126,BL_0,1130.704167737467,0.0008844046290206877,-0.0002653213887062063,0.29897125779828,set
chip,device,READ,WL_126,BL_7,1341209.674425332,7.455955761939086e-07,-2.2367867285817254e-07,0.3003690503382347,reset
chip,device,READ,WL_126,BL_15,2442978.782864066,4.0933634258895763e-07,-1.228009027766873e-07,0.2994458083273611,reset
