Chip_ID,Device_ID,OP,Row,Col,Res,Cond,Meas_I,Meas_V,Success/State,Prog_VBL,Prog_VSL,Prog_VWL,Prog_Pulse
chip,device,READ,WL_2,BL_0,5981453.240330806,1.671834518837925e-07,5.0155035565137745e-08,0.29896337424936004,reset
chip,device,READ,WL_2,BL_7,3422097.1836032504,2.9221846906962e-07,8.766554072088598e-08,0.30048005196435557,reset
chip,device,READ,WL_2,BL_15,2250713.6549654715,4.4430352026070646e-07,-1.3329105607821192e-07,0.29951859202084874,reset
