Chip_ID,Device_ID,OP,Row,Col,Res,Cond,Meas_I,Meas_V,Success/State,Prog_VBL,Prog_VSL,Prog_VWL,Prog_Pulse
chip,device,READ,WL_2,BL_0,0.0,inf,7.510535250386453e-08,0.29882259659008203,set
chip,device,READ,WL_2,BL_7,0.0,inf,6.030824938654918e-08,0.30028648540009834,set
chip,device,READ,WL_2,BL_15,0.0,inf,-1.2196748817933323e-07,0.2993602135775721,set
chip,device,READ,WL_126,BL_0,0.0,inf,8.417819502703791e-08,0.29878740217526323,set
chip,device,READ,WL_126,BL_7,0.0,inf,7.626666933166525e-08,0.30053284284551685,set
chip,device,READ,WL_126,BL_15,0.0,inf,-1.2876162891866046e-07,0.2995713848352745,set
