Chip_ID,Device_ID,OP,Row,Col,Res,Cond,Meas_I,Meas_V,Prog_VBL,Prog_VSL,Prog_VWL,Prog_Pulse,Success/State
chip,device,READ,WL_2,BL_0,4716.482536612747,0.0002120224112433953,-0.00010601120562169763,0.4998221229540007,set
chip,device,READ,WL_2,BL_7,29086459.971263256,3.4380258064679466e-08,1.7190129032339733e-08,0.4992982530801689,reset
chip,device,READ,WL_2,BL_15,960279.8245608929,1.041363126063041e-06,-5.206815630315205e-07,0.5001239461236319,reset
chip,device,READ,WL_126,BL_0,4716.323282184464,0.000212029570529531,-0.0001060147852647655,0.4999162428747754,set
chip,device,READ,WL_126,BL_7,29671541.742082324,3.370232691959271e-08,1.6851163459796356e-08,0.4991923696556682,reset
chip,device,READ,WL_126,BL_15,940249.7309471789,1.063547233342604e-06,-5.31773616671302e-07,0.5000690415966288,reset
