Chip_ID,Device_ID,OP,Row,Col,Res,Cond,Meas_I,Meas_V,Prog_VBL,Prog_VSL,Prog_VWL,Prog_Pulse,Success/State
chip,device,READ,WL_2,BL_0,986.566821689544,0.001013616085616432,0.0007095312599315023,0.29896210725042666,set
chip,device,READ,WL_2,BL_7,77773.79164819357,1.2857801822540136e-05,9.000461275778094e-06,0.30036996538017446,reset
chip,device,READ,WL_2,BL_15,45148.985964147454,2.2148891689263943e-05,-1.550422418248476e-05,0.2993030565571534,unknown
chip,device,READ,WL_126,BL_0,987.4733236641575,0.0010126855845476012,0.0007088799091833208,0.2989547868121438,set
chip,device,READ,WL_126,BL_7,76263.98658848552,1.3112348891435762e-05,9.178644224005033e-06,0.30053650301327783,reset
chip,device,READ,WL_126,BL_15,42553.5482216873,2.3499802996224713e-05,-1.64498620973573e-05,0.299383583196758,unknown
