Chip_ID,Device_ID,OP,Row,Col,Res,Cond,Meas_I,Meas_V,Prog_VBL,Prog_VSL,Prog_VWL,Prog_Pulse,Success/State
chip,device,READ,WL_2,BL_0,4716.9626132643825,0.00021200083231271325,-0.00010600041615635662,0.49976721966688203,set
chip,device,READ,WL_2,BL_7,1042706.012596441,9.590430935656554e-07,-4.795215467828277e-07,0.49930648845763004,reset
chip,device,READ,WL_2,BL_15,16536399.709918447,6.047265532655244e-08,-3.023632766327622e-08,0.5002746721227608,reset
chip,device,READ,WL_126,BL_0,4716.874723072401,0.00021200478255412224,-0.00010600239127706113,0.4998779412959043,set
chip,device,READ,WL_126,BL_7,1016794.8981968532,9.834825113435987e-07,-4.917412556717993e-07,0.49930923358345064,reset
chip,device,READ,WL_126,BL_15,15454086.716018487,6.470780307991147e-08,-3.2353901539955735e-08,0.5001941454831569,reset
