Chip_ID,Device_ID,OP,Row,Col,Res,Cond,Meas_I,Meas_V,Success/State,Prog_VBL,Prog_VSL,Prog_VWL,Prog_Pulse
chip,device,READ,WL_2,BL_0,9372261.390429832,1.0669783506263666e-07,3.2009350518790996e-08,0.29908655470122825,reset
chip,device,READ,WL_2,BL_7,4054772.12933706,2.466229835123919e-07,7.398689505371757e-08,0.3006208276474529,reset
chip,device,READ,WL_2,BL_15,2074478.9963117768,4.820487465903021e-07,-1.4461462397709063e-07,0.2993602135775721,reset
