Chip_ID,Device_ID,OP,Row,Col,Res,Cond,Meas_I,Meas_V,Success/State,Prog_VBL,Prog_VSL,Prog_VWL,Prog_Pulse
chip,device,READ,WL_2,BL_0,0.0,inf,6.603250998069116e-08,0.2987346105530333,set
chip,device,READ,WL_2,BL_7,0.0,inf,5.802847510868778e-08,0.3002160975585494,set
chip,device,READ,WL_2,BL_15,0.0,inf,-1.0158506596135157e-07,0.29967697046412606,set
chip,device,READ,WL_126,BL_0,0.0,inf,7.737356313465787e-08,0.2991393463234575,set
chip,device,READ,WL_126,BL_7,0.0,inf,5.574870083082638e-08,0.3006384246078393,set
chip,device,READ,WL_126,BL_15,0.0,inf,-9.70556388018001e-08,0.2995009944160401,set
