Chip_ID,Device_ID,OP,Row,Col,Res,Cond,Meas_I,Meas_V,Prog_VBL,Prog_VSL,Prog_VWL,Prog_Pulse,Success/State
chip,device,READ,WL_0,BL_0,-1052.1127351862394,-0.0009504684874126016,-0.0002851405462237804,0.29913596765963535,set
chip,device,READ,WL_0,BL_7,17148.885245539823,5.8312828249876215e-05,1.7493848474962863e-05,0.30041754756106104,unknown
chip,device,READ,WL_0,BL_15,-10838.419551527115,-9.226437445477018e-05,-2.7679312336431052e-05,0.2991328525234448,set
chip,device,READ,WL_127,BL_0,-1050.803444760316,-0.0009516527615001261,-0.0002854958284500378,0.29896942768870943,set
chip,device,READ,WL_127,BL_7,15856.813346871215,6.3064373536144e-05,1.89193120608432e-05,0.3004358483998635,unknown
chip,device,READ,WL_127,BL_15,-11197.04770943702,-8.930925597085621e-05,-2.679277679125686e-05,0.29933416912245564,set
