Chip_ID,Device_ID,OP,Row,Col,Res,Cond,Meas_I,Meas_V,Prog_VBL,Prog_VSL,Prog_VWL,Prog_Pulse,Success/State
chip,device,READ,WL_0,BL_0,-1034.496777896913,-0.0009666535666094161,-0.0002899960699828248,0.2992750559870026,set
chip,device,READ,WL_0,BL_7,19021.75753864931,5.257137769568098e-05,1.5771413308704293e-05,0.30055480385208094,unknown
chip,device,READ,WL_0,BL_15,-10769.43311757969,-9.28553981516103e-05,-2.785661944548309e-05,0.29943116712015966,set
chip,device,READ,WL_127,BL_0,-1038.5258126657063,-0.0009629033653320397,-0.0002888710095996119,0.2990041997705509,set
chip,device,READ,WL_127,BL_7,22495.08535899621,4.445415449824382e-05,1.3336246349473145e-05,0.3006206868717693,unknown
chip,device,READ,WL_127,BL_15,-11050.78568680981,-9.049130336439313e-05,-2.7147391009317937e-05,0.2993268485188549,set
