Chip_ID,Device_ID,OP,Row,Col,Res,Cond,Meas_I,Meas_V,Prog_VBL,Prog_VSL,Prog_VWL,Prog_Pulse,Success/State
chip,device,READ,WL_0,BL_0,-1046.2464789684702,-0.0009557977208066056,-0.00028673931624198165,0.2991542687553407,set
chip,device,READ,WL_0,BL_7,20000.95044556615,4.9997623998997604e-05,1.4999287199699281e-05,0.30041022722553967,unknown
chip,device,READ,WL_0,BL_15,-10064.750686203251,-9.935665881627836e-05,-2.980699764488351e-05,0.29921337916304874,set
chip,device,READ,WL_127,BL_0,-1040.8727884679,-0.0009607321961715782,-0.0002882196588514734,0.29917073974147684,set
chip,device,READ,WL_127,BL_7,18398.178358148896,5.435320717809442e-05,1.6305962153428325e-05,0.3005859152780446,unknown
chip,device,READ,WL_127,BL_15,-9429.076278717652,-0.0001060549273800126,-3.181647821400378e-05,0.2992719439918518,set
