Chip_ID,Device_ID,OP,Row,Col,Res,Cond,Meas_I,Meas_V,Success/State,Prog_VBL,Prog_VSL,Prog_VWL,Prog_Pulse
chip,device,READ,WL_2,BL_0,6264771.164330007,1.5962274978114801e-07,4.78868249343444e-08,0.29917454073827765,reset
chip,device,READ,WL_2,BL_7,4183684.922139701,2.390237359195206e-07,7.170712077585618e-08,0.3004096641228073,reset
chip,device,READ,WL_2,BL_15,2329886.648059663,4.2920542972886826e-07,-1.2876162891866046e-07,0.29946579920642297,reset
chip,device,READ,WL_126,BL_0,5722652.101297858,1.7474415398643696e-07,5.242324619593109e-08,0.29908655470122825,reset
chip,device,READ,WL_126,BL_7,4321063.890993798,2.314244883266493e-07,6.942734649799479e-08,0.30028648540009834,reset
chip,device,READ,WL_126,BL_15,2213111.2586126826,4.518525655266256e-07,-1.3555576965798767e-07,0.29944820160161434,reset
