Chip_ID,Device_ID,OP,Row,Col,Res,Cond,Meas_I,Meas_V,Success/State,Prog_VBL,Prog_VSL,Prog_VWL,Prog_Pulse
chip,device,READ,WL_3,BL_0,7302433.920544552,1.3694064347321458e-07,4.108219304196437e-08,0.2992801239827355,reset
chip,device,READ,WL_3,BL_7,3933566.296115184,2.5422223110555084e-07,7.626666933166525e-08,0.3004096641228073,reset
chip,device,READ,WL_3,BL_15,2107482.8860985273,4.7449970132438307e-07,-1.423499103973149e-07,0.2997297632785518,reset
