Chip_ID,Device_ID,OP,Row,Col,Res,Cond,Meas_I,Meas_V,Success/State,Prog_VBL,Prog_VSL,Prog_VWL,Prog_Pulse
chip,device,READ,WL_2,BL_0,7302433.920544552,1.3694064347321458e-07,4.108219304196437e-08,0.2992625267753257,reset
chip,device,READ,WL_2,BL_7,3609848.004747792,2.7701997388387733e-07,8.310599216516319e-08,0.3004976489247427,reset
chip,device,READ,WL_2,BL_15,2289615.9221080337,4.367544749947873e-07,-1.310263424984362e-07,0.29965937285931743,reset
