Chip_ID,Device_ID,OP,Row,Col,Res,Cond,Meas_I,Meas_V,Success/State,Prog_VBL,Prog_VSL,Prog_VWL,Prog_Pulse
chip,device,READ,WL_2,BL_0,6264771.164330007,1.5962274978114801e-07,4.78868249343444e-08,0.2988929854197217,reset
chip,device,READ,WL_2,BL_7,3335359.9351358977,2.9981771666249133e-07,8.994531499874739e-08,0.3004624550039692,reset
chip,device,READ,WL_2,BL_15,2074478.9963117768,4.820487465903021e-07,-1.4461462397709063e-07,0.29971216567374387,reset
chip,device,READ,WL_126,BL_0,5981453.240330806,1.671834518837925e-07,5.0155035565137745e-08,0.29917454073827765,reset
chip,device,READ,WL_126,BL_7,3609848.004747792,2.7701997388387733e-07,8.310599216516319e-08,0.3006208276474529,reset
chip,device,READ,WL_126,BL_15,2213111.2586126826,4.518525655266256e-07,-1.3555576965798767e-07,0.29958898244008375,reset
