Chip_ID,Device_ID,OP,Row,Col,Res,Cond,Meas_I,Meas_V,Success/State,Prog_VBL,Prog_VSL,Prog_VWL,Prog_Pulse
chip,device,READ,WL_3,BL_0,6264771.164330007,1.5962274978114801e-07,4.78868249343444e-08,0.2992977211901459,reset
chip,device,READ,WL_3,BL_7,4974443.845602826,2.0102749795516395e-07,6.030824938654918e-08,0.30048005196435557,reset
chip,device,READ,WL_3,BL_15,2141553.9030205295,4.669506560584638e-07,-1.4008519681753912e-07,0.2997297632785518,reset
