Chip_ID,Device_ID,OP,Row,Col,Res,Cond,Meas_I,Meas_V,Success/State,Prog_VBL,Prog_VSL,Prog_VWL,Prog_Pulse
chip,device,READ,WL_3,BL_0,6576262.882598064,1.5206204767850355e-07,4.561861430355106e-08,0.299385707227194,reset
chip,device,READ,WL_3,BL_7,4183684.922139701,2.390237359195206e-07,7.170712077585618e-08,0.30074400637016246,reset
chip,device,READ,WL_3,BL_15,2011478.149571969,4.971468371221404e-07,-1.491440511366421e-07,0.29937781118238,reset
