Chip_ID,Device_ID,OP,Row,Col,Res,Cond,Meas_I,Meas_V,Success/State,Prog_VBL,Prog_VSL,Prog_VWL,Prog_Pulse
chip,device,READ,WL_2,BL_0,0.0,inf,6.83007206114845e-08,0.2987698049678528,set
chip,device,READ,WL_2,BL_7,0.0,inf,5.802847510868778e-08,0.3005152458851304,set
chip,device,READ,WL_2,BL_15,0.0,inf,-1.15173347440006e-07,0.29951859202084874,set
chip,device,READ,WL_126,BL_0,0.0,inf,7.510535250386453e-08,0.29903376307899904,set
chip,device,READ,WL_126,BL_7,0.0,inf,7.626666933166525e-08,0.30025129147932356,set
chip,device,READ,WL_126,BL_15,0.0,inf,-1.083792067006788e-07,0.29943060399680577,set
