Chip_ID,Device_ID,OP,Row,Col,Res,Cond,Meas_I,Meas_V,Prog_VBL,Prog_VSL,Prog_VWL,Prog_Pulse,Success/State
chip,device,READ,WL_2,BL_0,-1038.3129759476315,-0.000963100744346699,-0.0002889302233040097,0.29884315012833795,set
chip,device,READ,WL_2,BL_7,19843.79515860973,5.039358610624061e-05,1.5118075831872182e-05,0.3007469626595081,unknown
chip,device,READ,WL_2,BL_15,-10792.330810773708,-9.265839025261582e-05,-2.7797517075784745e-05,0.29926462338825177,set
chip,device,READ,WL_126,BL_0,-1038.7387366574194,-0.0009627059863175242,-0.00028881179589525723,0.2987864167316474,set
chip,device,READ,WL_126,BL_7,19922.062876868127,5.01956050525831e-05,1.505868151577493e-05,0.3005602941037208,unknown
chip,device,READ,WL_126,BL_15,-11527.62291915394,-8.674815328478789e-05,-2.6024445985436363e-05,0.2993597912350558,set
