Chip_ID,Device_ID,OP,Row,Col,Res,Cond,Meas_I,Meas_V,Prog_VBL,Prog_VSL,Prog_VWL,Prog_Pulse,Success/State
chip,device,READ,WL_2,BL_0,4717.082179167817,0.00021199545863676662,-0.00010599772931838332,0.4998378096074634,set
chip,device,READ,WL_2,BL_7,25069914.590539396,3.98884486179051e-08,1.994422430895255e-08,0.4992812594441376,reset
chip,device,READ,WL_2,BL_15,929382.0410095452,1.0759837783326927e-06,-5.379918891663464e-07,0.500304346712355,reset
chip,device,READ,WL_126,BL_0,4716.842303849802,0.00021200623967941815,-0.00010600311983970907,0.4998038218582947,set
chip,device,READ,WL_126,BL_7,27525983.75986899,3.6329310106544926e-08,1.8164655053272463e-08,0.49933877636608837,reset
chip,device,READ,WL_126,BL_15,944803.3058726073,1.0584213600696643e-06,-5.292106800348322e-07,0.5002585929398534,reset
