Chip_ID,Device_ID,OP,Row,Col,Res,Cond,Meas_I,Meas_V,Prog_VBL,Prog_VSL,Prog_VWL,Prog_Pulse,Success/State
chip,device,READ,WL_2,BL_0,1040.445276900566,0.000961126954200753,-0.0002883380862602259,0.2990572729480984,set
chip,device,READ,WL_2,BL_7,20160.61482339631,4.9601661891754616e-05,1.4880498567526383e-05,0.30049624116791196,unknown
chip,device,READ,WL_2,BL_15,10792.330810773708,9.265839025261582e-05,-2.7797517075784745e-05,0.2991072304108433,unknown
chip,device,READ,WL_126,BL_0,1042.8009461960062,0.0009589557850401477,-0.00028768673551204433,0.2990426320715348,set
chip,device,READ,WL_126,BL_7,18133.967129117485,5.514513139236436e-05,1.6543539417709306e-05,0.3004138873933007,unknown
chip,device,READ,WL_126,BL_15,10656.386788923232,9.38404376462244e-05,-2.815213129386732e-05,0.2991621349378464,unknown
