Chip_ID,Device_ID,OP,Row,Col,Res,Cond,Meas_I,Meas_V,Prog_VBL,Prog_VSL,Prog_VWL,Prog_Pulse,Success/State
chip,device,READ,WL_2,BL_0,1050.803444760316,0.0009516527615001261,-0.0002854958284500378,0.2987168725679644,set
chip,device,READ,WL_2,BL_7,15374.164719951943,6.504418407214294e-05,1.951325522164288e-05,0.30063898771057174,unknown
chip,device,READ,WL_2,BL_15,9535.353659875105,0.000104872879986404,-3.14618639959212e-05,0.2992957359535527,unknown
chip,device,READ,WL_126,BL_0,1049.2800518827942,0.0009530344146023098,-0.00028591032438069294,0.298801057608213,set
chip,device,READ,WL_126,BL_7,16423.979931678892,6.088658194663162e-05,1.8265974583989484e-05,0.30028944168944405,unknown
chip,device,READ,WL_126,BL_15,10005.234487240325,9.99476825131185e-05,-2.998430475393555e-05,0.2991840967486472,unknown
