Chip_ID,Device_ID,OP,Row,Col,Res,Cond,Meas_I,Meas_V,Prog_VBL,Prog_VSL,Prog_VWL,Prog_Pulse,Success/State
chip,device,READ,WL_2,BL_0,1007.9661602913968,0.0009920967978834787,-0.0002976290393650436,0.29899766366494224,set
chip,device,READ,WL_2,BL_7,180062.9717257639,5.553612663479758e-06,-1.6660837990439274e-06,0.30041258019052897,reset
chip,device,READ,WL_2,BL_15,134733.68095677276,7.422049133511276e-06,-2.2266147400533827e-06,0.2995341784708227,reset
chip,device,READ,WL_126,BL_0,1008.5561419350014,0.0009915164445693765,-0.00029745493337081293,0.2989388387144576,set
chip,device,READ,WL_126,BL_7,174234.721743576,5.739384147964008e-06,-1.7218152443892023e-06,0.30043480263764594,reset
chip,device,READ,WL_126,BL_15,135053.1616612072,7.404491592048681e-06,-2.221347477614604e-06,0.2993001806057388,reset
