Chip_ID,Device_ID,OP,Row,Col,Res,Cond,Meas_I,Meas_V,Prog_VBL,Prog_VSL,Prog_VWL,Prog_Pulse,Success/State
chip,device,READ,WL_2,BL_0,1008.486380845904,0.0009915850317792237,-0.0002974755095337671,0.298782756512507,set
chip,device,READ,WL_2,BL_7,344632.2440329674,2.901643758859488e-06,8.704931276578464e-07,0.3004651297419476,reset
chip,device,READ,WL_2,BL_15,160020.34526273774,6.249205364218518e-06,-1.8747616092655554e-06,0.29940920530935883,reset
chip,device,READ,WL_126,BL_0,1008.6241235621337,0.0009914496160059348,-0.0002974348848017804,0.29874249410195325,set
chip,device,READ,WL_126,BL_7,326515.0768360334,3.0626457120758674e-06,9.187937136227602e-07,0.30034983445749186,reset
chip,device,READ,WL_126,BL_15,154549.2247432674,6.470430386572112e-06,-1.941129115971634e-06,0.2994549590818605,reset
