Chip_ID,Device_ID,OP,Row,Col,Res,Cond,Meas_I,Meas_V,Success/State,Prog_VBL,Prog_VSL,Prog_VWL,Prog_Pulse
chip,device,READ,WL_2,BL_0,4704827.043637558,2.125476644996594e-07,6.376429934989781e-08,0.2986818189308041,reset
chip,device,READ,WL_2,BL_7,4624790.87492657,2.1622599314090663e-07,6.486779794227198e-08,0.3003040823604848,reset
chip,device,READ,WL_2,BL_15,2604769.303560188,3.8391115813335334e-07,-1.15173347440006e-07,0.2997297632785518,reset
chip,device,READ,WL_126,BL_0,4251162.582724082,2.3522977080759277e-07,7.056893124227783e-08,0.2989809714567698,reset
chip,device,READ,WL_126,BL_7,3174439.7982976576,3.15016211848234e-07,9.450486355447018e-08,0.3005680367662917,reset
chip,device,READ,WL_126,BL_15,2827135.0234712115,3.537149770696769e-07,-1.0611449312090306e-07,0.29951859202084874,reset
