Chip_ID,Device_ID,OP,Row,Col,Res,Cond,Meas_I,Meas_V,Prog_VBL,Prog_VSL,Prog_VWL,Prog_Pulse,Success/State
chip,device,READ,WL_2,BL_0,1045.8145427137042,0.0009561924788358522,-0.0002868577436507556,0.29904629229067586,set
chip,device,READ,WL_2,BL_7,19612.638901659564,5.098752926692506e-05,1.5296258780077517e-05,0.3003589848768934,unknown
chip,device,READ,WL_2,BL_15,10589.69103916599,9.443146134306453e-05,-2.832943840291936e-05,0.29929939625535334,unknown
chip,device,READ,WL_126,BL_0,1042.1574337091604,0.0009595479220839819,-0.00028786437662519455,0.2990572729480984,set
chip,device,READ,WL_126,BL_7,20322.848864620853,4.9205699784583633e-05,1.476170993537509e-05,0.30047245007746903,unknown
chip,device,READ,WL_126,BL_15,10545.68909275305,9.482547714091017e-05,-2.844764314227305e-05,0.2992097188612487,unknown
