Chip_ID,Device_ID,OP,Row,Col,Res,Cond,Meas_I,Meas_V,Prog_VBL,Prog_VSL,Prog_VWL,Prog_Pulse,Success/State
chip,device,READ,WL_2,BL_0,4716.851673521531,0.00021200581854493954,-0.00010600290927246977,0.499826044617366,set
chip,device,READ,WL_2,BL_7,26595439.82107586,3.760043100349627e-08,1.8800215501748134e-08,0.49939629328803914,reset
chip,device,READ,WL_2,BL_15,947888.7711927658,1.0549761009845707e-06,-5.274880504922854e-07,0.5003827817509305,reset
chip,device,READ,WL_126,BL_0,4716.143431291415,0.00021203765631151963,-0.00010601882815575982,0.49985480348204736,set
chip,device,READ,WL_126,BL_7,28802487.361220133,3.4719223637136525e-08,1.7359611818568262e-08,0.4992642658081069,reset
chip,device,READ,WL_126,BL_15,932075.3429836631,1.0728746420851597e-06,-5.364373210425798e-07,0.5001984594102781,reset
