Chip_ID,Device_ID,OP,Row,Col,Res,Cond,Meas_I,Meas_V,Success/State,Prog_VBL,Prog_VSL,Prog_VWL,Prog_Pulse
chip,device,READ,WL_4,BL_0,4392340.187836264,2.276690687049483e-07,6.83007206114845e-08,0.2990689574938192,reset
chip,device,READ,WL_4,BL_7,3252910.919936507,3.0741696425536263e-07,9.222508927660879e-08,0.30039206716242084,reset
chip,device,READ,WL_4,BL_15,2657015.5863489616,3.763621128674343e-07,-1.1290863386023028e-07,0.29927222555352845,reset
