Chip_ID,Device_ID,OP,Row,Col,Res,Cond,Meas_I,Meas_V,Success/State,Prog_VBL,Prog_VSL,Prog_VWL,Prog_Pulse
chip,device,READ,WL_3,BL_0,5266884.68158191,1.8986555819172593e-07,5.695966745751778e-08,0.2991921379456868,reset
chip,device,READ,WL_3,BL_7,3711666.9298852785,2.69420726291006e-07,8.082621788730179e-08,0.30070881244938763,reset
chip,device,READ,WL_3,BL_15,2213111.2586126826,4.518525655266256e-07,-1.3555576965798767e-07,0.29946579920642297,reset
