Chip_ID,Device_ID,OP,Row,Col,Res,Cond,Meas_I,Meas_V,Success/State,Prog_VBL,Prog_VSL,Prog_VWL,Prog_Pulse
chip,device,READ,WL_3,BL_0,5065182.304061072,1.974262602943704e-07,5.922787808831112e-08,0.29915694353086725,reset
chip,device,READ,WL_3,BL_7,3933566.296115184,2.5422223110555084e-07,7.626666933166525e-08,0.3000753218754527,reset
chip,device,READ,WL_3,BL_15,2414832.8352234433,4.1410733919702995e-07,-1.2423220175910898e-07,0.29944820160161434,reset
