Chip_ID,Device_ID,OP,Row,Col,Res,Cond,Meas_I,Meas_V,Success/State,Prog_VBL,Prog_VSL,Prog_VWL,Prog_Pulse
chip,device,READ,WL_2,BL_0,0.0,inf,7.283714187315699e-08,0.2990689574938192,set
chip,device,READ,WL_2,BL_7,0.0,inf,6.030824938654918e-08,0.3003040823604848,set
chip,device,READ,WL_2,BL_15,0.0,inf,-1.2876162891866046e-07,0.2997473608833604,set
chip,device,READ,WL_126,BL_0,0.0,inf,7.737356313465787e-08,0.29903376307899904,set
chip,device,READ,WL_126,BL_7,0.0,inf,7.626666933166525e-08,0.3004448580435814,set
chip,device,READ,WL_126,BL_15,0.0,inf,-1.2423220175910898e-07,0.29943060399680577,set
