Chip_ID,Device_ID,OP,Row,Col,Res,Cond,Meas_I,Meas_V,Success/State,Prog_VBL,Prog_VSL,Prog_VWL,Prog_Pulse
chip,device,READ,WL_2,BL_0,25872206.31677158,3.865151613883633e-08,1.1595454841650898e-08,0.29922733236050625,reset
chip,device,READ,WL_2,BL_7,7130962.838840146,1.4023351721219325e-07,4.2070055163657975e-08,0.30039206716242084,reset
chip,device,READ,WL_2,BL_15,1818214.367579143,5.499901539835743e-07,-1.6499704619507228e-07,0.2993426159727628,reset
chip,device,READ,WL_126,BL_0,5981453.240330806,1.671834518837925e-07,5.0155035565137745e-08,0.2988753882123113,reset
chip,device,READ,WL_126,BL_7,3711666.9298852785,2.69420726291006e-07,8.082621788730179e-08,0.30009291883583983,reset
chip,device,READ,WL_126,BL_15,2141553.9030205295,4.669506560584638e-07,-1.4008519681753912e-07,0.299536189625658,reset
