Chip_ID,Device_ID,OP,Row,Col,Res,Cond,Meas_I,Meas_V,Success/State,Prog_VBL,Prog_VSL,Prog_VWL,Prog_Pulse
chip,device,READ,WL_2,BL_0,6576262.882598064,1.5206204767850355e-07,4.561861430355106e-08,0.29936811001978425,reset
chip,device,READ,WL_2,BL_7,2960209.2699356014,3.37813954626848e-07,1.0134418638805439e-07,0.30048005196435557,reset
chip,device,READ,WL_2,BL_15,2329886.648059663,4.2920542972886826e-07,-1.2876162891866046e-07,0.2995713848352745,reset
chip,device,READ,WL_126,BL_0,5065182.304061072,1.974262602943704e-07,5.922787808831112e-08,0.29891058262713077,reset
chip,device,READ,WL_126,BL_7,4054772.12933706,2.466229835123919e-07,7.398689505371757e-08,0.30028648540009834,reset
chip,device,READ,WL_126,BL_15,2506207.571241285,3.9900924866519165e-07,-1.197027745995575e-07,0.29971216567374387,reset
