Chip_ID,Device_ID,OP,Row,Col,Res,Cond,Meas_I,Meas_V,Prog_VBL,Prog_VSL,Prog_VWL,Prog_Pulse,Success/State
chip,device,READ,WL_2,BL_0,1131.09083578635,0.0008841022916650069,-0.0002652306874995021,0.298782756512507,set
chip,device,READ,WL_2,BL_7,1224403.037723218,8.167245336629544e-07,-2.450173600988863e-07,0.30018512690826865,reset
chip,device,READ,WL_2,BL_15,2550603.1566817807,3.9206412702043183e-07,-1.1761923810612954e-07,0.29948424149626207,reset
chip,device,READ,WL_126,BL_0,1131.060657116031,0.0008841258810555674,-0.0002652377643166702,0.2987937371699302,set
chip,device,READ,WL_126,BL_7,1178776.269558037,8.483374036490689e-07,-2.5450122109472067e-07,0.30033885395420945,reset
chip,device,READ,WL_126,BL_15,2597414.601832817,3.8499822065155433e-07,-1.154994661954663e-07,0.299383583196758,reset
