Chip_ID,Device_ID,OP,Row,Col,Res,Cond,Meas_I,Meas_V,Success/State,Prog_VBL,Prog_VSL,Prog_VWL,Prog_Pulse
chip,device,READ,WL_2,BL_0,7729173.389681787,1.2937994137057007e-07,3.881398241117102e-08,0.29917454073827765,reset
chip,device,READ,WL_2,BL_7,4321063.890993798,2.314244883266493e-07,6.942734649799479e-08,0.3005152458851304,reset
chip,device,READ,WL_2,BL_15,1952191.1218914008,5.122449276539786e-07,-1.536734782961936e-07,0.29939540878718857,reset
