Chip_ID,Device_ID,OP,Row,Col,Res,Cond,Meas_I,Meas_V,Prog_VBL,Prog_VSL,Prog_VWL,Prog_Pulse,Success/State
chip,device,READ,WL_2,BL_0,2982.4527514439837,0.000335294498635675,-0.0001005883495907025,0.29887426199103767,set
chip,device,READ,WL_2,BL_7,1072897.6733692086,9.320553346524754e-07,-2.7961660039574265e-07,0.3003608149607736,reset
chip,device,READ,WL_2,BL_15,10240591.180004934,9.765061239360189e-08,-2.9295183718080566e-08,0.29935796108415647,reset
chip,device,READ,WL_126,BL_0,2982.4789736848134,0.000335291550694325,-0.0001005874652082975,0.2990664234959524,set
chip,device,READ,WL_126,BL_7,1071306.7744769412,9.334394440735649e-07,-2.8003183322206947e-07,0.3003022522766046,reset
chip,device,READ,WL_126,BL_15,10536785.003728157,9.490560922009673e-08,-2.847168276602902e-08,0.29941469576205954,reset
