Chip_ID,Device_ID,OP,Row,Col,Res,Cond,Meas_I,Meas_V,Success/State,Prog_VBL,Prog_VSL,Prog_VWL,Prog_Pulse
chip,device,READ,WL_2,BL_0,6576262.882598064,1.5206204767850355e-07,4.561861430355106e-08,0.29910415190863804,reset
chip,device,READ,WL_2,BL_7,3711666.9298852785,2.69420726291006e-07,8.082621788730179e-08,0.3004096641228073,reset
chip,device,READ,WL_2,BL_15,2371599.332650138,4.21656384462949e-07,-1.264969153388847e-07,0.29918423752948614,reset
chip,device,READ,WL_126,BL_0,5981453.240330806,1.671834518837925e-07,5.0155035565137745e-08,0.2991921379456868,reset
chip,device,READ,WL_126,BL_7,3609848.004747792,2.7701997388387733e-07,8.310599216516319e-08,0.30009291883583983,reset
chip,device,READ,WL_126,BL_15,2141553.9030205295,4.669506560584638e-07,-1.4008519681753912e-07,0.29951859202084874,reset
