Chip_ID,Device_ID,OP,Row,Col,Res,Cond,Meas_I,Meas_V,Success/State,Prog_VBL,Prog_VSL,Prog_VWL,Prog_Pulse
chip,device,READ,WL_3,BL_0,5266884.68158191,1.8986555819172593e-07,5.695966745751778e-08,0.29912174911604844,reset
chip,device,READ,WL_3,BL_7,4183684.922139701,2.390237359195206e-07,7.170712077585618e-08,0.3004976489247427,reset
chip,device,READ,WL_3,BL_15,2176744.6532780603,4.5940161079254466e-07,-1.378204832377634e-07,0.2996241776497003,reset
