Chip_ID,Device_ID,OP,Row,Col,Res,Cond,Meas_I,Meas_V,Prog_VBL,Prog_VSL,Prog_VWL,Prog_Pulse,Success/State
chip,device,READ,WL_2,BL_0,1130.7378461175977,0.0008843782875345619,-0.00026531348626036854,0.29903714174282253,set
chip,device,READ,WL_2,BL_7,103185.89057473197,9.691247460579449e-06,-2.9073742381738343e-06,0.30022904892139485,reset
chip,device,READ,WL_2,BL_15,725196.9674892491,1.3789357165435538e-06,-4.136807149630661e-07,0.2994659399872619,reset
chip,device,READ,WL_126,BL_0,1130.7539320220155,0.0008843657065262632,-0.00026530971195787897,0.2989072039633086,set
chip,device,READ,WL_126,BL_7,103591.38897414914,9.653312016595765e-06,-2.8959936049787296e-06,0.3003663052124141,reset
chip,device,READ,WL_126,BL_15,699700.8685841883,1.429182161833603e-06,-4.287546485500809e-07,0.2996599359826713,reset
