Chip_ID,Device_ID,OP,Row,Col,Res,Cond,Meas_I,Meas_V,Success/State,Prog_VBL,Prog_VSL,Prog_VWL,Prog_Pulse
chip,device,READ,WL_3,BL_0,8752081.243202388,1.1425853716528113e-07,3.427756114958434e-08,0.29915694353086725,reset
chip,device,READ,WL_3,BL_7,4054772.12933706,2.466229835123919e-07,7.398689505371757e-08,0.30048005196435557,reset
chip,device,READ,WL_3,BL_15,2289615.9221080337,4.367544749947873e-07,-1.310263424984362e-07,0.29958898244008375,reset
