Chip_ID,Device_ID,OP,Row,Col,Res,Cond,Meas_I,Meas_V,Success/State,Prog_VBL,Prog_VSL,Prog_VWL,Prog_Pulse
chip,device,READ,WL_3,BL_0,6920350.782983188,1.445013455761451e-07,4.3350403672843534e-08,0.29922733236050625,reset
chip,device,READ,WL_3,BL_7,3819396.3496514494,2.618214786981346e-07,7.854644360944038e-08,0.3003744702020331,reset
chip,device,READ,WL_3,BL_15,2042492.8719728927,4.895977918562213e-07,-1.4687933755686639e-07,0.2997473608833604,reset
