Chip_ID,Device_ID,OP,Row,Col,Res,Cond,Meas_I,Meas_V,Prog_VBL,Prog_VSL,Prog_VWL,Prog_Pulse,Success/State
chip,device,READ,WL_2,BL_0,4716.6635376437725,0.0002120142749252693,-0.00010600713746263464,0.4997214669276173,set
chip,device,READ,WL_2,BL_7,23795964.79812825,4.202393172470394e-08,2.101196586235197e-08,0.4993321096319532,reset
chip,device,READ,WL_2,BL_15,958910.2456511123,1.0428504696192783e-06,-5.214252348096391e-07,0.5003259163479632,reset
chip,device,READ,WL_126,BL_0,4717.016398430134,0.00021199841500080623,-0.00010599920750040312,0.49982578317314175,set
chip,device,READ,WL_126,BL_7,23270406.48568525,4.2973035327730446e-08,2.1486517663865223e-08,0.4994098881968643,reset
chip,device,READ,WL_126,BL_15,963038.546049205,1.0383800358795882e-06,-5.191900179397941e-07,0.5002874831790616,reset
