Chip_ID,Device_ID,OP,Row,Col,Res,Cond,Meas_I,Meas_V,Success/State,Prog_VBL,Prog_VSL,Prog_VWL,Prog_Pulse
chip,device,READ,WL_3,BL_0,5981453.240330806,1.671834518837925e-07,5.0155035565137745e-08,0.29896337424936004,reset
chip,device,READ,WL_3,BL_7,5169875.641882674,1.934282503622926e-07,5.802847510868778e-08,0.30074400637016246,reset
chip,device,READ,WL_3,BL_15,2011478.149571969,4.971468371221404e-07,-1.491440511366421e-07,0.29969456806893463,reset
