Chip_ID,Device_ID,OP,Row,Col,Res,Cond,Meas_I,Meas_V,Success/State,Prog_VBL,Prog_VSL,Prog_VWL,Prog_Pulse
chip,device,READ,WL_2,BL_0,7302433.920544552,1.3694064347321458e-07,4.108219304196437e-08,0.29910415190863804,reset
chip,device,READ,WL_2,BL_7,3609848.004747792,2.7701997388387733e-07,8.310599216516319e-08,0.3002160975585494,reset
chip,device,READ,WL_2,BL_15,2213111.2586126826,4.518525655266256e-07,-1.3555576965798767e-07,0.29965937285931743,reset
