Chip_ID,Device_ID,OP,Row,Col,Res,Cond,Meas_I,Meas_V,Success/State,Prog_VBL,Prog_VSL,Prog_VWL,Prog_Pulse
chip,device,READ,WL_2,BL_0,0.0,inf,7.737356313465787e-08,0.29903376307899904,set
chip,device,READ,WL_2,BL_7,0.0,inf,7.170712077585618e-08,0.3003040823604848,set
chip,device,READ,WL_2,BL_15,0.0,inf,-1.1743806101978175e-07,0.299536189625658,set
chip,device,READ,WL_126,BL_0,0.0,inf,8.644640565783124e-08,0.29908655470122825,set
chip,device,READ,WL_126,BL_7,0.0,inf,7.854644360944038e-08,0.30014570971700105,set
chip,device,READ,WL_126,BL_15,0.0,inf,-1.15173347440006e-07,0.29960658004489166,set
