Chip_ID,Device_ID,OP,Row,Col,Res,Cond,Meas_I,Meas_V,Prog_VBL,Prog_VSL,Prog_VWL,Prog_Pulse,Success/State
chip,device,READ,WL_0,BL_0,-1046.678772162269,-0.0009554029627773589,-0.00028662088883320763,0.29904629229067586,set
chip,device,READ,WL_0,BL_7,18004.68692621382,5.554109349960736e-05,1.6662328049882205e-05,0.30059140552968516,unknown
chip,device,READ,WL_0,BL_15,-10545.68909275305,-9.482547714091017e-05,-2.844764314227305e-05,0.299248152030151,set
chip,device,READ,WL_127,BL_0,-1040.445276900566,-0.000961126954200753,-0.0002883380862602259,0.2990243309758275,set
chip,device,READ,WL_127,BL_7,18533.192320800703,5.3957245070923446e-05,1.6187173521277035e-05,0.30047977041298973,unknown
chip,device,READ,WL_127,BL_15,-10701.31932523374,-9.344642184837875e-05,-2.8033926554513626e-05,0.299383583196758,set
