Chip_ID,Device_ID,OP,Row,Col,Res,Cond,Meas_I,Meas_V,Success/State,Prog_VBL,Prog_VSL,Prog_VWL,Prog_Pulse
chip,device,READ,WL_2,BL_0,6576262.882598064,1.5206204767850355e-07,4.561861430355106e-08,0.29896337424936004,reset
chip,device,READ,WL_2,BL_7,3252910.919936507,3.0741696425536263e-07,9.222508927660879e-08,0.30042726108319434,reset
chip,device,READ,WL_2,BL_15,2213111.2586126826,4.518525655266256e-07,-1.3555576965798767e-07,0.2995713848352745,reset
chip,device,READ,WL_126,BL_0,4543216.668391437,2.2010836660230385e-07,6.603250998069116e-08,0.29896337424936004,reset
chip,device,READ,WL_126,BL_7,3422097.1836032504,2.9221846906962e-07,8.766554072088598e-08,0.300356873241646,reset
chip,device,READ,WL_126,BL_15,2414832.8352234433,4.1410733919702995e-07,-1.2423220175910898e-07,0.2995537872304659,reset
