Chip_ID,Device_ID,OP,Row,Col,Res,Cond,Meas_I,Meas_V,Prog_VBL,Prog_VSL,Prog_VWL,Prog_Pulse,Success/State
chip,device,READ,WL_2,BL_0,1130.7670021563597,0.0008843554844570203,-0.00026530664533710606,0.2989419760451501,set
chip,device,READ,WL_2,BL_7,103017.86832110632,9.707053895572792e-06,-2.9121161686718376e-06,0.3003260433670489,reset
chip,device,READ,WL_2,BL_15,719868.7977674507,1.3891420257432022e-06,-4.1674260772296066e-07,0.2996434646245712,reset
chip,device,READ,WL_126,BL_0,1130.7871106453567,0.0008843397581966471,-0.0002653019274589941,0.2989218448398729,set
chip,device,READ,WL_126,BL_7,102675.12768273697,9.739457087309106e-06,-2.9218371261927317e-06,0.30033885395420945,reset
chip,device,READ,WL_126,BL_15,725610.0955216995,1.3781506158359325e-06,-4.134451847507797e-07,0.2994128656111589,reset
