Chip_ID,Device_ID,OP,Row,Col,Res,Cond,Meas_I,Meas_V,Prog_VBL,Prog_VSL,Prog_VWL,Prog_Pulse,Success/State
chip,device,READ,WL_2,BL_0,1009.8152873069179,0.0009902801161457018,-0.0002970840348437106,0.29861987676072216,set
chip,device,READ,WL_2,BL_7,383964.2132547017,2.6044093836855896e-06,7.813228151056769e-07,0.30031689294764735,reset
chip,device,READ,WL_2,BL_15,163230.59266435445,6.126302574029528e-06,-1.8378907722088582e-06,0.29962333296466975,reset
chip,device,READ,WL_126,BL_0,1008.6616962879863,0.000991412684431398,-0.0002974238053294194,0.29871870267753564,set
chip,device,READ,WL_126,BL_7,323895.53110955004,3.0874152433482434e-06,9.26224573004473e-07,0.30050905175507386,reset
chip,device,READ,WL_126,BL_15,172578.48533191447,5.7944650405103115e-06,-1.7383395121530935e-06,0.2996398043227712,reset
