Chip_ID,Device_ID,OP,Row,Col,Res,Cond,Meas_I,Meas_V,Success/State,Prog_VBL,Prog_VSL,Prog_VWL,Prog_Pulse
chip,device,READ,WL_3,BL_0,5065182.304061072,1.974262602943704e-07,5.922787808831112e-08,0.29908655470122825,reset
chip,device,READ,WL_3,BL_7,5381291.322113004,1.8582900276942127e-07,5.574870083082638e-08,0.3005504398059039,reset
chip,device,READ,WL_3,BL_15,2141553.9030205295,4.669506560584638e-07,-1.4008519681753912e-07,0.2993250183679542,reset
