Chip_ID,Device_ID,OP,Row,Col,Res,Cond,Meas_I,Meas_V,Success/State,Prog_VBL,Prog_VSL,Prog_VWL,Prog_Pulse
chip,device,READ,WL_4,BL_0,4543216.668391437,2.2010836660230385e-07,6.603250998069116e-08,0.2990689574938192,reset
chip,device,READ,WL_4,BL_7,3711666.9298852785,2.69420726291006e-07,8.082621788730179e-08,0.3002688884397106,reset
chip,device,READ,WL_4,BL_15,2329886.648059663,4.2920542972886826e-07,-1.2876162891866046e-07,0.29927222555352845,reset
