Chip_ID,Device_ID,OP,Row,Col,Res,Cond,Meas_I,Meas_V,Prog_VBL,Prog_VSL,Prog_VWL,Prog_Pulse,Success/State
chip,device,READ,WL_0,BL_0,-1042.1574337091604,-0.0009595479220839819,-0.00028786437662519455,0.29904629229067586,set
chip,device,READ,WL_0,BL_7,16862.629101233313,5.930273351780365e-05,1.7790820055341095e-05,0.30066826905265587,unknown
chip,device,READ,WL_0,BL_15,-10634.061720861393,-9.403744554521889e-05,-2.8211233663565667e-05,0.29942933696925966,set
chip,device,READ,WL_127,BL_0,-1041.7288664382768,-0.0009599426801131566,-0.000287982804033947,0.2990664234959524,set
chip,device,READ,WL_127,BL_7,18004.68692621382,5.554109349960736e-05,1.6662328049882205e-05,0.30063349745893053,unknown
chip,device,READ,WL_127,BL_15,-10678.805792339273,-9.364342974730159e-05,-2.8093028924190473e-05,0.29931586761345413,set
