Chip_ID,Device_ID,OP,Row,Col,Res,Cond,Meas_I,Meas_V,Prog_VBL,Prog_VSL,Prog_VWL,Prog_Pulse,Success/State
chip,device,READ,WL_0,BL_0,-1044.9517392544874,-0.0009569819948942734,-0.00028709459846828204,0.2989950492226976,set
chip,device,READ,WL_0,BL_7,19766.14001385406,5.0591567159754075e-05,1.5177470147926221e-05,0.30054199326491904,unknown
chip,device,READ,WL_0,BL_15,-10415.850266415362,-9.600752453444708e-05,-2.8802257360334124e-05,0.2994329972710603,set
chip,device,READ,WL_127,BL_0,-1041.5147149556415,-0.000960140059127816,-0.0002880420177383448,0.29915792897448307,set
chip,device,READ,WL_127,BL_7,20322.848864620853,4.9205699784583633e-05,1.476170993537509e-05,0.30054931360043974,unknown
chip,device,READ,WL_127,BL_15,-10104.823087776067,-9.896264301843272e-05,-2.9688792905529816e-05,0.2994915620998628,set
