Chip_ID,Device_ID,OP,Row,Col,Res,Cond,Meas_I,Meas_V,Success/State,Prog_VBL,Prog_VSL,Prog_VWL,Prog_Pulse
chip,device,READ,WL_2,BL_0,10087037.723832102,9.913713295999217e-08,2.974113988799765e-08,0.29915694353086725,reset
chip,device,READ,WL_2,BL_7,6433681.096774051,1.5543201239822344e-07,4.662960371946703e-08,0.30032167932087184,reset
chip,device,READ,WL_2,BL_15,1843518.0961192746,5.424411087176552e-07,-1.6273233261529653e-07,0.29997612974587207,reset
chip,device,READ,WL_126,BL_0,14514983.73110187,6.889432454941424e-08,2.0668297364824273e-08,0.29903376307899904,reset
chip,device,READ,WL_126,BL_7,5381291.322113004,1.8582900276942127e-07,5.574870083082638e-08,0.30048005196435557,reset
chip,device,READ,WL_126,BL_15,2011478.149571969,4.971468371221404e-07,-1.491440511366421e-07,0.29976495848816964,reset
