Chip_ID,Device_ID,OP,Row,Col,Res,Cond,Meas_I,Meas_V,Prog_VBL,Prog_VSL,Prog_VWL,Prog_Pulse,Success/State
chip,device,READ,WL_2,BL_0,1128.4947953607848,0.0008861361205306184,-0.0002658408361591855,0.2986818189308041,set
chip,device,READ,WL_2,BL_7,2715834.533393695,3.682109449983333e-07,1.1046328349949998e-07,0.3006208276474529,reset
chip,device,READ,WL_2,BL_15,724435.5042108312,1.3803851332346789e-06,-4.1411553997040364e-07,0.29965937285931743,reset
chip,device,READ,WL_126,BL_0,1128.5429402043549,0.0008860983170201051,-0.0002658294951060315,0.2986290273085748,set
chip,device,READ,WL_126,BL_7,5381291.322113004,1.8582900276942127e-07,5.574870083082638e-08,0.30025129147932356,reset
chip,device,READ,WL_126,BL_15,697725.4742137861,1.4332284500961128e-06,-4.2996853502883386e-07,0.299289823158337,reset
