Chip_ID,Device_ID,OP,Row,Col,Res,Cond,Meas_I,Meas_V,Success/State,Prog_VBL,Prog_VSL,Prog_VWL,Prog_Pulse
chip,device,READ,WL_2,BL_0,13079584.741379103,7.645502665205873e-08,2.2936507995617618e-08,0.2990689574938192,reset
chip,device,READ,WL_2,BL_7,3422097.1836032504,2.9221846906962e-07,8.766554072088598e-08,0.3001985005981623,reset
chip,device,READ,WL_2,BL_15,1896298.9278595806,5.273430181858169e-07,-1.5820290545574507e-07,0.29937781118238,reset
chip,device,READ,WL_126,BL_0,5065182.304061072,1.974262602943704e-07,5.922787808831112e-08,0.2989809714567698,reset
chip,device,READ,WL_126,BL_7,3335359.9351358977,2.9981771666249133e-07,8.994531499874739e-08,0.30072640940977474,reset
chip,device,READ,WL_126,BL_15,2827135.0234712115,3.537149770696769e-07,-1.0611449312090306e-07,0.29944820160161434,reset
