Chip_ID,Device_ID,OP,Row,Col,Res,Cond,Meas_I,Meas_V,Prog_VBL,Prog_VSL,Prog_VWL,Prog_Pulse,Success/State
chip,device,READ,WL_2,BL_0,1009.1190554352197,0.000990963350274575,-0.0002972890050823725,0.2990041997705509,set
chip,device,READ,WL_2,BL_7,322601.45722450357,3.0998000089754207e-06,9.299400026926262e-07,0.3001723163211061,reset
chip,device,READ,WL_2,BL_15,162578.2799848403,6.150883132071796e-06,-1.845264939621539e-06,0.2994641098363619,reset
chip,device,READ,WL_126,BL_0,1009.3949243544885,0.000990692518727993,-0.00029720775561839784,0.2988806673745342,set
chip,device,READ,WL_126,BL_7,316283.15802132804,3.161723837133834e-06,9.4851715114015e-07,0.3003434291639109,reset
chip,device,READ,WL_126,BL_15,158926.38638078014,6.2922213407913714e-06,-1.8876664022374113e-06,0.29943025204471,reset
