Chip_ID,Device_ID,OP,Row,Col,Res,Cond,Meas_I,Meas_V,Success/State,Prog_VBL,Prog_VSL,Prog_VWL,Prog_Pulse
chip,device,READ,WL_2,BL_0,8752081.243202388,1.1425853716528113e-07,3.427756114958434e-08,0.29912174911604844,reset
chip,device,READ,WL_2,BL_7,4183684.922139701,2.390237359195206e-07,7.170712077585618e-08,0.2999873370735173,reset
chip,device,READ,WL_2,BL_15,2074478.9963117768,4.820487465903021e-07,-1.4461462397709063e-07,0.29941300639199786,reset
