Chip_ID,Device_ID,OP,Row,Col,Res,Cond,Meas_I,Meas_V,Success/State,Prog_VBL,Prog_VSL,Prog_VWL,Prog_Pulse
chip,device,READ,WL_2,BL_0,3217122.3814905453,3.108367918340376e-07,9.325103755021129e-08,0.2990513602864088,reset
chip,device,READ,WL_2,BL_7,2251220.8436238808,4.4420342092704674e-07,1.33261026278114e-07,0.3002336945189371,reset
chip,device,READ,WL_2,BL_15,3912709.2010290558,2.5557738861272814e-07,-7.667321658381844e-08,0.29944820160161434,reset
chip,device,READ,WL_126,BL_0,5981453.240330806,1.671834518837925e-07,5.0155035565137745e-08,0.29885779100490156,reset
chip,device,READ,WL_126,BL_7,3422097.1836032504,2.9221846906962e-07,8.766554072088598e-08,0.30014570971700105,reset
chip,device,READ,WL_126,BL_15,2107482.8860985273,4.7449970132438307e-07,-1.423499103973149e-07,0.2994833968112322,reset
