Chip_ID,Device_ID,OP,Row,Col,Res,Cond,Meas_I,Meas_V,Success/State,Prog_VBL,Prog_VSL,Prog_VWL,Prog_Pulse
chip,device,READ,WL_3,BL_0,7729173.389681787,1.2937994137057007e-07,3.881398241117102e-08,0.2995088876790622,reset
chip,device,READ,WL_3,BL_7,3933566.296115184,2.5422223110555084e-07,7.626666933166525e-08,0.30072640940977474,reset
chip,device,READ,WL_3,BL_15,2414832.8352234433,4.1410733919702995e-07,-1.2423220175910898e-07,0.29958898244008375,reset
