Chip_ID,Device_ID,OP,Row,Col,Res,Cond,Meas_I,Meas_V,Success/State,Prog_VBL,Prog_VSL,Prog_VWL,Prog_Pulse
chip,device,READ,WL_3,BL_0,5722652.101297858,1.7474415398643696e-07,5.242324619593109e-08,0.299315318397555,reset
chip,device,READ,WL_3,BL_7,3819396.3496514494,2.618214786981346e-07,7.854644360944038e-08,0.3009199759740333,reset
chip,device,READ,WL_3,BL_15,2414832.8352234433,4.1410733919702995e-07,-1.2423220175910898e-07,0.29965937285931743,reset
