Chip_ID,Device_ID,OP,Row,Col,Res,Cond,Meas_I,Meas_V,Success/State,Prog_VBL,Prog_VSL,Prog_VWL,Prog_Pulse
chip,device,READ,WL_3,BL_0,7729173.389681787,1.2937994137057007e-07,3.881398241117102e-08,0.2991921379456868,reset
chip,device,READ,WL_3,BL_7,4974443.845602826,2.0102749795516395e-07,6.030824938654918e-08,0.3005680367662917,reset
chip,device,READ,WL_3,BL_15,1981391.2395486957,5.046958823880595e-07,-1.5140876471641784e-07,0.2995713848352745,reset
