Chip_ID,Device_ID,OP,Row,Col,Res,Cond,Meas_I,Meas_V,Success/State,Prog_VBL,Prog_VSL,Prog_VWL,Prog_Pulse
chip,device,READ,WL_2,BL_0,5266884.68158191,1.8986555819172593e-07,5.695966745751778e-08,0.29924492956791665,reset
chip,device,READ,WL_2,BL_7,3335359.9351358977,2.9981771666249133e-07,8.994531499874739e-08,0.3004976489247427,reset
chip,device,READ,WL_2,BL_15,2371599.332650138,4.21656384462949e-07,-1.264969153388847e-07,0.29967697046412606,reset
