Chip_ID,Device_ID,OP,Row,Col,Res,Cond,Meas_I,Meas_V,Prog_VBL,Prog_VSL,Prog_VWL,Prog_Pulse,Success/State
chip,device,READ,WL_2,BL_0,1130.8424126779307,0.0008842965109806195,-0.00026528895329418586,0.2990920450299405,set
chip,device,READ,WL_2,BL_7,103295.39926420838,9.680973277834048e-06,-2.904291983350214e-06,0.30016499598558605,reset
chip,device,READ,WL_2,BL_15,700085.4504781162,1.4283970611259815e-06,-4.2851911833779447e-07,0.29956659828676735,reset
chip,device,READ,WL_126,BL_0,1130.8293408002514,0.0008843067330498625,-0.00026529201991495877,0.29904812240024503,set
chip,device,READ,WL_126,BL_7,103735.7683098726,9.639876546851867e-06,-2.89196296405556e-06,0.3004614695741866,reset
chip,device,READ,WL_126,BL_15,709049.0101067631,1.4103397448498345e-06,-4.231019234549503e-07,0.2996434646245712,reset
