Chip_ID,Device_ID,OP,Row,Col,Res,Cond,Meas_I,Meas_V,Success/State,Prog_VBL,Prog_VSL,Prog_VWL,Prog_Pulse
chip,device,READ,WL_2,BL_0,5722652.101297858,1.7474415398643696e-07,5.242324619593109e-08,0.2991921379456868,reset
chip,device,READ,WL_2,BL_7,3711666.9298852785,2.69420726291006e-07,8.082621788730179e-08,0.300356873241646,reset
chip,device,READ,WL_2,BL_15,2213111.2586126826,4.518525655266256e-07,-1.3555576965798767e-07,0.2998705441170212,reset
