Chip_ID,Device_ID,OP,Row,Col,Res,Cond,Meas_I,Meas_V,Success/State,Prog_VBL,Prog_VSL,Prog_VWL,Prog_Pulse
chip,device,READ,WL_2,BL_0,5065182.304061072,1.974262602943704e-07,5.922787808831112e-08,0.29968485975315967,reset
chip,device,READ,WL_2,BL_7,3609848.004747792,2.7701997388387733e-07,8.310599216516319e-08,0.3006208276474529,reset
chip,device,READ,WL_2,BL_15,2042492.8719728927,4.895977918562213e-07,-1.4687933755686639e-07,0.29937781118238,reset
