Chip_ID,Device_ID,OP,Row,Col,Res,Cond,Meas_I,Meas_V,Prog_VBL,Prog_VSL,Prog_VWL,Prog_Pulse,Success/State
chip,device,READ,WL_0,BL_0,-1040.2316527817688,-0.0009613243332154121,-0.00028839729996462364,0.29904446218110464,set
chip,device,READ,WL_0,BL_7,16806.520849409066,5.9500714571461175e-05,1.785021437143835e-05,0.30068107963981844,unknown
chip,device,READ,WL_0,BL_15,-9571.313851529327,-0.00010447886418855836,-3.134365925656751e-05,0.29929207565175264,set
chip,device,READ,WL_127,BL_0,-1039.8046676040012,-0.0009617190912445871,-0.0002885157273733761,0.2988687716623254,set
chip,device,READ,WL_127,BL_7,18133.967129117485,5.514513139236436e-05,1.6543539417709306e-05,0.3003608149607736,unknown
chip,device,READ,WL_127,BL_15,-10480.367559288174,-9.541650083767863e-05,-2.862495025130359e-05,0.2992756042936525,set
