Chip_ID,Device_ID,OP,Row,Col,Res,Cond,Meas_I,Meas_V,Success/State,Prog_VBL,Prog_VSL,Prog_VWL,Prog_Pulse
chip,device,READ,WL_2,BL_0,6576262.882598064,1.5206204767850355e-07,4.561861430355106e-08,0.2991393463234575,reset
chip,device,READ,WL_2,BL_7,3711666.9298852785,2.69420726291006e-07,8.082621788730179e-08,0.29995214315274316,reset
chip,device,READ,WL_2,BL_15,2414832.8352234433,4.1410733919702995e-07,-1.2423220175910898e-07,0.29951859202084874,reset
chip,device,READ,WL_126,BL_0,8752081.243202388,1.1425853716528113e-07,3.427756114958434e-08,0.29917454073827765,reset
chip,device,READ,WL_126,BL_7,4793249.290128791,2.0862674554803527e-07,6.258802366441059e-08,0.30048005196435557,reset
chip,device,READ,WL_126,BL_15,1952191.1218914008,5.122449276539786e-07,-1.536734782961936e-07,0.29967697046412606,reset
