Chip_ID,Device_ID,OP,Row,Col,Res,Cond,Meas_I,Meas_V,Prog_VBL,Prog_VSL,Prog_VWL,Prog_Pulse,Success/State
chip,device,READ,WL_2,BL_0,1048.628520539704,0.000953626551646072,-0.0002860879654938216,0.2991506085361996,set
chip,device,READ,WL_2,BL_7,21353.866235553436,4.682992714148575e-05,1.4048978142445724e-05,0.3001942773276702,unknown
chip,device,READ,WL_2,BL_15,9792.90269038655,0.00010211476940148452,-3.063443082044536e-05,0.29931769776435485,unknown
chip,device,READ,WL_126,BL_0,1044.9517392544874,0.0009569819948942734,-0.00028709459846828204,0.2991396278787764,set
chip,device,READ,WL_126,BL_7,19922.062876868127,5.01956050525831e-05,1.505868151577493e-05,0.3003406840380903,unknown
chip,device,READ,WL_126,BL_15,10480.367559288174,9.541650083767863e-05,-2.862495025130359e-05,0.2992719439918518,unknown
