Chip_ID,Device_ID,OP,Row,Col,Res,Cond,Meas_I,Meas_V,Prog_VBL,Prog_VSL,Prog_VWL,Prog_Pulse,Success/State
chip,device,READ,WL_2,BL_0,990.2858010062223,0.0010098094903349187,0.000706866643234443,0.29906825360552225,set
chip,device,READ,WL_2,BL_7,90285.52702047736,1.1075972340209007e-05,7.753180638146304e-06,0.3005602941037208,reset
chip,device,READ,WL_2,BL_15,40794.70287969742,2.451298647642993e-05,-1.715909053350095e-05,0.2993414897260557,unknown
chip,device,READ,WL_126,BL_0,990.7837844265197,0.0010093019442973775,0.0007065113610081642,0.2988285092517717,set
chip,device,READ,WL_126,BL_7,185491.32139266527,5.391087801262179e-06,3.773761460883525e-06,0.30050356150343266,reset
chip,device,READ,WL_126,BL_15,43812.862860205176,2.2824347342713613e-05,-1.597704313989953e-05,0.29922252991754883,unknown
