Chip_ID,Device_ID,OP,Row,Col,Res,Cond,Meas_I,Meas_V,Success/State,Prog_VBL,Prog_VSL,Prog_VWL,Prog_Pulse
chip,device,READ,WL_2,BL_0,5266884.68158191,1.8986555819172593e-07,5.695966745751778e-08,0.2992977211901459,reset
chip,device,READ,WL_2,BL_7,3819396.3496514494,2.618214786981346e-07,7.854644360944038e-08,0.3005152458851304,reset
chip,device,READ,WL_2,BL_15,2371599.332650138,4.21656384462949e-07,-1.264969153388847e-07,0.29976495848816964,reset
