Chip_ID,Device_ID,OP,Row,Col,Res,Cond,Meas_I,Meas_V,Prog_VBL,Prog_VSL,Prog_VWL,Prog_Pulse,Success/State
chip,device,READ,WL_2,BL_0,1009.4137390916742,0.0009906740529407247,-0.00029720221588221737,0.2987388338828122,set
chip,device,READ,WL_2,BL_7,293305.0927646234,3.409419149781001e-06,1.0228257449343004e-06,0.30034983445749186,reset
chip,device,READ,WL_2,BL_15,157237.20703833678,6.359817875397552e-06,-1.9079453626192654e-06,0.29962150281376904,reset
chip,device,READ,WL_126,BL_0,1010.0538577530428,0.0009900462161736517,-0.00029701386485209554,0.29884315012833795,set
chip,device,READ,WL_126,BL_7,338847.1878981336,2.9511828213862187e-06,8.853548464158656e-07,0.300309572612126,reset
chip,device,READ,WL_126,BL_15,177472.00807644488,5.6346914132467395e-06,-1.690407423974022e-06,0.299246321879251,reset
