Chip_ID,Device_ID,OP,Row,Col,Res,Cond,Meas_I,Meas_V,Prog_VBL,Prog_VSL,Prog_VWL,Prog_Pulse,Success/State
chip,device,READ,WL_2,BL_0,1045.3829629561517,0.000956587236865027,-0.00028697617105950807,0.29897308790785115,set
chip,device,READ,WL_2,BL_7,19843.79515860973,5.039358610624061e-05,1.5118075831872182e-05,0.300441338651504,unknown
chip,device,READ,WL_2,BL_15,9926.965911207397,0.00010073571410888143,-3.022071423266443e-05,0.2995574475322666,unknown
chip,device,READ,WL_126,BL_0,1034.2855892379587,0.0009668509456240035,-0.000290055283687201,0.29890903407287917,set
chip,device,READ,WL_126,BL_7,18265.117316957076,5.474916928519338e-05,1.6424750785558012e-05,0.30058225511028425,unknown
chip,device,READ,WL_126,BL_15,10331.052787741548,9.679555613021005e-05,-2.903866683906301e-05,0.2993561309332558,unknown
