Chip_ID,Device_ID,OP,Row,Col,Res,Cond,Meas_I,Meas_V,Success/State,Prog_VBL,Prog_VSL,Prog_VWL,Prog_Pulse
chip,device,READ,WL_2,BL_0,6576262.882598064,1.5206204767850355e-07,4.561861430355106e-08,0.29884019379749244,reset
chip,device,READ,WL_2,BL_7,3513466.1489533056,2.8461922147674863e-07,8.538576644302459e-08,0.3004448580435814,reset
chip,device,READ,WL_2,BL_15,2329886.648059663,4.2920542972886826e-07,-1.2876162891866046e-07,0.2992018351342941,reset
