Chip_ID,Device_ID,OP,Row,Col,Res,Cond,Meas_I,Meas_V,Success/State,Prog_VBL,Prog_VSL,Prog_VWL,Prog_Pulse
chip,device,READ,WL_3,BL_0,4543216.668391437,2.2010836660230385e-07,6.603250998069116e-08,0.29924492956791665,reset
chip,device,READ,WL_3,BL_7,5169875.641882674,1.934282503622926e-07,5.802847510868778e-08,0.30072640940977474,reset
chip,device,READ,WL_3,BL_15,2459671.8722197437,4.065582939311107e-07,-1.2196748817933323e-07,0.29969456806893463,reset
