Chip_ID,Device_ID,OP,Row,Col,Res,Cond,Meas_I,Meas_V,Success/State,Prog_VBL,Prog_VSL,Prog_VWL,Prog_Pulse
chip,device,READ,WL_3,BL_0,8752081.243202388,1.1425853716528113e-07,3.427756114958434e-08,0.29903376307899904,reset
chip,device,READ,WL_3,BL_7,4054772.12933706,2.466229835123919e-07,7.398689505371757e-08,0.3003392762812596,reset
chip,device,READ,WL_3,BL_15,2141553.9030205295,4.669506560584638e-07,-1.4008519681753912e-07,0.299536189625658,reset
