Chip_ID,Device_ID,OP,Row,Col,Res,Cond,Meas_I,Meas_V,Prog_VBL,Prog_VSL,Prog_VWL,Prog_Pulse,Success/State
chip,device,READ,WL_0,BL_0,-1037.887564118473,-0.0009634955023758737,-0.00028904865071276213,0.2990591030576696,set
chip,device,READ,WL_0,BL_7,21263.969382861156,4.702790819507123e-05,1.4108372458521371e-05,0.30045048907090555,unknown
chip,device,READ,WL_0,BL_15,-11475.500444012805,-8.714216908263353e-05,-2.6142650724790056e-05,0.2993469801787564,set
chip,device,READ,WL_127,BL_0,-1032.1784354578858,-0.000968824735770021,-0.00029064742073100635,0.2992457742338714,set
chip,device,READ,WL_127,BL_7,19536.77893877108,5.118551032051054e-05,1.535565309615316e-05,0.30043767848374364,unknown
chip,device,READ,WL_127,BL_15,-10931.788140456556,-9.147634285915058e-05,-2.744290285774517e-05,0.2992518123319517,set
