Chip_ID,Device_ID,OP,Row,Col,Res,Cond,Meas_I,Meas_V,Success/State,Prog_VBL,Prog_VSL,Prog_VWL,Prog_Pulse
chip,device,READ,WL_2,BL_0,7302433.920544552,1.3694064347321458e-07,4.108219304196437e-08,0.29917454073827765,reset
chip,device,READ,WL_2,BL_7,3711666.9298852785,2.69420726291006e-07,8.082621788730179e-08,0.3001809036377752,reset
chip,device,READ,WL_2,BL_15,2250713.6549654715,4.4430352026070646e-07,-1.3329105607821192e-07,0.2996241776497003,reset
