Chip_ID,Device_ID,OP,Row,Col,Res,Cond,Meas_I,Meas_V,Success/State,Prog_VBL,Prog_VSL,Prog_VWL,Prog_Pulse
chip,device,READ,WL_2,BL_0,0.0,inf,6.83007206114845e-08,0.2990513602864088,set
chip,device,READ,WL_2,BL_7,0.0,inf,7.854644360944038e-08,0.30039206716242084,set
chip,device,READ,WL_2,BL_15,0.0,inf,-1.4008519681753912e-07,0.2996417752545095,set
chip,device,READ,WL_126,BL_0,0.0,inf,6.603250998069116e-08,0.29924492956791665,set
chip,device,READ,WL_126,BL_7,0.0,inf,6.030824938654918e-08,0.3002160975585494,set
chip,device,READ,WL_126,BL_15,0.0,inf,-1.264969153388847e-07,0.2996241776497003,set
