Chip_ID,Device_ID,OP,Row,Col,Res,Cond,Meas_I,Meas_V,Prog_VBL,Prog_VSL,Prog_VWL,Prog_Pulse,Success/State
chip,device,READ,WL_2,BL_0,4716.74092638201,0.00021201079635447626,-0.00010600539817723813,0.49975715406424376,set
chip,device,READ,WL_2,BL_7,24345810.943788085,4.10748281217206e-08,2.05374140608603e-08,0.4992451806476418,reset
chip,device,READ,WL_2,BL_15,934248.5842698971,1.0703789300162405e-06,-5.351894650081203e-07,0.5001840796532058,reset
chip,device,READ,WL_126,BL_0,4717.01508658223,0.00021199847395963326,-0.00010599923697981663,0.49975440889988826,set
chip,device,READ,WL_126,BL_7,25525427.579722162,3.917662091562443e-08,1.9588310457812215e-08,0.49928635753494743,reset
chip,device,READ,WL_126,BL_15,933530.3683880832,1.0712024309682492e-06,-5.356012154841246e-07,0.5003314068006639,reset
