Chip_ID,Device_ID,OP,Row,Col,Res,Cond,Meas_I,Meas_V,Success/State,Prog_VBL,Prog_VSL,Prog_VWL,Prog_Pulse
chip,device,READ,WL_2,BL_0,7302433.920544552,1.3694064347321458e-07,4.108219304196437e-08,0.2991393463234575,reset
chip,device,READ,WL_2,BL_7,4054772.12933706,2.466229835123919e-07,7.398689505371757e-08,0.3004976489247427,reset
chip,device,READ,WL_2,BL_15,2414832.8352234433,4.1410733919702995e-07,-1.2423220175910898e-07,0.2998001536977862,reset
