Chip_ID,Device_ID,OP,Row,Col,Res,Cond,Meas_I,Meas_V,Success/State,Prog_VBL,Prog_VSL,Prog_VWL,Prog_Pulse
chip,device,READ,WL_2,BL_0,0.0,inf,7.056893124227783e-08,0.29912174911604844,set
chip,device,READ,WL_2,BL_7,0.0,inf,7.170712077585618e-08,0.30058563372667807,set
chip,device,READ,WL_2,BL_15,0.0,inf,-1.1743806101978175e-07,0.29943060399680577,set
chip,device,READ,WL_126,BL_0,0.0,inf,6.603250998069116e-08,0.2989985686641795,set
chip,device,READ,WL_126,BL_7,0.0,inf,7.854644360944038e-08,0.3006208276474529,set
chip,device,READ,WL_126,BL_15,0.0,inf,-1.15173347440006e-07,0.299289823158337,set
