Chip_ID,Device_ID,OP,Row,Col,Res,Cond,Meas_I,Meas_V,Prog_VBL,Prog_VSL,Prog_VWL,Prog_Pulse,Success/State
chip,device,READ,WL_0,BL_0,-1024.0419265751557,-0.0009765225173391461,-0.0002929567552017438,0.29897674812699226,set
chip,device,READ,WL_0,BL_7,18133.967129117485,5.514513139236436e-05,1.6543539417709306e-05,0.3005602941037208,unknown
chip,device,READ,WL_0,BL_15,-10955.382184111064,-9.127933496015607e-05,-2.7383800488046822e-05,0.2993140374625548,set
chip,device,READ,WL_127,BL_0,-1036.8255580868963,-0.0009644823974489545,-0.0002893447192346864,0.2991341375500641,set
chip,device,READ,WL_127,BL_7,20911.8256927362,4.7819832409341174e-05,1.434594972280235e-05,0.3005346729293977,unknown
chip,device,READ,WL_127,BL_15,-10206.414160322845,-9.797760352381864e-05,-2.939328105714559e-05,0.2994165259129596,set
