Chip_ID,Device_ID,OP,Row,Col,Res,Cond,Meas_I,Meas_V,Success/State,Prog_VBL,Prog_VSL,Prog_VWL,Prog_Pulse
chip,device,READ,WL_3,BL_0,4543216.668391437,2.2010836660230385e-07,6.603250998069116e-08,0.2993329156049647,reset
chip,device,READ,WL_3,BL_7,3933566.296115184,2.5422223110555084e-07,7.626666933166525e-08,0.30042726108319434,reset
chip,device,READ,WL_3,BL_15,2074478.9963117768,4.820487465903021e-07,-1.4461462397709063e-07,0.2997473608833604,reset
