Chip_ID,Device_ID,OP,Row,Col,Res,Cond,Meas_I,Meas_V,Success/State,Prog_VBL,Prog_VSL,Prog_VWL,Prog_Pulse
chip,device,READ,WL_2,BL_0,5981453.240330806,1.671834518837925e-07,5.0155035565137745e-08,0.29894577704195097,reset
chip,device,READ,WL_2,BL_7,5381291.322113004,1.8582900276942127e-07,5.574870083082638e-08,0.30058563372667807,reset
chip,device,READ,WL_2,BL_15,2554538.0892270245,3.914602033992725e-07,-1.1743806101978175e-07,0.2993602135775721,reset
