Chip_ID,Device_ID,OP,Row,Col,Res,Cond,Meas_I,Meas_V,Prog_VBL,Prog_VSL,Prog_VWL,Prog_Pulse,Success/State
chip,device,READ,WL_2,BL_0,1004.8485963191071,0.0009951747991320601,-0.0004975873995660301,0.49982761328271297,set
chip,device,READ,WL_2,BL_7,427501.9831334657,2.3391704353516436e-06,1.1695852176758218e-06,0.49917014720855124,reset
chip,device,READ,WL_2,BL_15,209282.9734664503,4.778219572459906e-06,-2.389109786229953e-06,0.5002920585563125,reset
chip,device,READ,WL_126,BL_0,1004.5205463885201,0.0009954997969879537,-0.0004977498984939768,0.4997681347216669,set
chip,device,READ,WL_126,BL_7,412434.8584867523,2.4246253182116047e-06,1.2123126591058023e-06,0.4992213895571982,reset
chip,device,READ,WL_126,BL_15,214073.4385293997,4.671294144988778e-06,-2.335647072494389e-06,0.5002774173491105,reset
