Chip_ID,Device_ID,OP,Row,Col,Res,Cond,Meas_I,Meas_V,Success/State,Prog_VBL,Prog_VSL,Prog_VWL,Prog_Pulse
chip,device,READ,WL_2,BL_0,6264771.164330007,1.5962274978114801e-07,4.78868249343444e-08,0.29892817983454056,reset
chip,device,READ,WL_2,BL_7,7997759.218120941,1.2503502202645057e-07,3.751050660793517e-08,0.30048005196435557,reset
chip,device,READ,WL_2,BL_15,2289615.9221080337,4.367544749947873e-07,-1.310263424984362e-07,0.2995537872304659,reset
chip,device,READ,WL_126,BL_0,4251162.582724082,2.3522977080759277e-07,7.056893124227783e-08,0.29892817983454056,reset
chip,device,READ,WL_126,BL_7,2832761.282300586,3.530124498128782e-07,1.0590373494386345e-07,0.3005152458851304,reset
chip,device,READ,WL_126,BL_15,2506207.571241285,3.9900924866519165e-07,-1.197027745995575e-07,0.29958898244008375,reset
