Chip_ID,Device_ID,OP,Row,Col,Res,Cond,Meas_I,Meas_V,Success/State,Prog_VBL,Prog_VSL,Prog_VWL,Prog_Pulse
chip,device,READ,WL_3,BL_0,4878359.034674698,2.0498696239701488e-07,6.149608871910446e-08,0.29942090164201346,reset
chip,device,READ,WL_3,BL_7,3174439.7982976576,3.15016211848234e-07,9.450486355447018e-08,0.3003040823604848,reset
chip,device,READ,WL_3,BL_15,2074478.9963117768,4.820487465903021e-07,-1.4461462397709063e-07,0.2994833968112322,reset
