Chip_ID,Device_ID,OP,Row,Col,Res,Cond,Meas_I,Meas_V,Prog_VBL,Prog_VSL,Prog_VWL,Prog_Pulse,Success/State
chip,device,READ,WL_2,BL_0,1130.8152637314865,0.0008843177414321242,-0.0002652953224296372,0.29889622330588544,set
chip,device,READ,WL_2,BL_7,1309289.5806118934,7.637729764355509e-07,-2.2913189293066524e-07,0.30021257816647196,reset
chip,device,READ,WL_2,BL_15,2597414.601832817,3.8499822065155433e-07,-1.154994661954663e-07,0.29962333296466975,reset
chip,device,READ,WL_126,BL_0,1130.8444237628582,0.0008842949383545824,-0.00026528848150637473,0.29888890286760195,set
chip,device,READ,WL_126,BL_7,1258501.928276496,7.94595524672329e-07,-2.3837865740169865e-07,0.30026016034735986,reset
chip,device,READ,WL_126,BL_15,2602722.1562499655,3.8421311994393305e-07,-1.1526393598317991e-07,0.29942933696925966,reset
