Chip_ID,Device_ID,OP,Row,Col,Res,Cond,Meas_I,Meas_V,Success/State,Prog_VBL,Prog_VSL,Prog_VWL,Prog_Pulse
chip,device,READ,WL_3,BL_0,6920350.782983188,1.445013455761451e-07,4.3350403672843534e-08,0.2992097351530965,reset
chip,device,READ,WL_3,BL_7,3933566.296115184,2.5422223110555084e-07,7.626666933166525e-08,0.3001809036377752,reset
chip,device,READ,WL_3,BL_15,2289615.9221080337,4.367544749947873e-07,-1.310263424984362e-07,0.299536189625658,reset
