Chip_ID,Device_ID,OP,Row,Col,Res,Cond,Meas_I,Meas_V,Success/State,Prog_VBL,Prog_VSL,Prog_VWL,Prog_Pulse
chip,device,READ,WL_2,BL_0,7302433.920544552,1.3694064347321458e-07,4.108219304196437e-08,0.29922733236050625,reset
chip,device,READ,WL_2,BL_7,4624790.87492657,2.1622599314090663e-07,6.486779794227198e-08,0.3007616033305489,reset
chip,device,READ,WL_2,BL_15,2213111.2586126826,4.518525655266256e-07,-1.3555576965798767e-07,0.29943060399680577,reset
