Chip_ID,Device_ID,OP,Row,Col,Res,Cond,Meas_I,Meas_V,Success/State,Prog_VBL,Prog_VSL,Prog_VWL,Prog_Pulse
chip,device,READ,WL_2,BL_0,10087037.723832102,9.913713295999217e-08,2.974113988799765e-08,0.2993329156049647,reset
chip,device,READ,WL_2,BL_7,3335359.9351358977,2.9981771666249133e-07,8.994531499874739e-08,0.30069121548900124,reset
chip,device,READ,WL_2,BL_15,2414832.8352234433,4.1410733919702995e-07,-1.2423220175910898e-07,0.29941300639199786,reset
