Chip_ID,Device_ID,OP,Row,Col,Res,Cond,Meas_I,Meas_V,Success/State,Prog_VBL,Prog_VSL,Prog_VWL,Prog_Pulse
chip,device,READ,WL_2,BL_0,6920350.782983188,1.445013455761451e-07,4.3350403672843534e-08,0.2990513602864088,reset
chip,device,READ,WL_2,BL_7,3819396.3496514494,2.618214786981346e-07,7.854644360944038e-08,0.30048005196435557,reset
chip,device,READ,WL_2,BL_15,2329886.648059663,4.2920542972886826e-07,-1.2876162891866046e-07,0.29946579920642297,reset
chip,device,READ,WL_126,BL_0,5065182.304061072,1.974262602943704e-07,5.922787808831112e-08,0.2991393463234575,reset
chip,device,READ,WL_126,BL_7,4624790.87492657,2.1622599314090663e-07,6.486779794227198e-08,0.3004976489247427,reset
chip,device,READ,WL_126,BL_15,2329886.648059663,4.2920542972886826e-07,-1.2876162891866046e-07,0.29965937285931743,reset
