Chip_ID,Device_ID,OP,Row,Col,Res,Cond,Meas_I,Meas_V,Success/State,Prog_VBL,Prog_VSL,Prog_VWL,Prog_Pulse
chip,device,READ,WL_2,BL_0,4878359.034674698,2.0498696239701488e-07,6.149608871910446e-08,0.2990689574938192,reset
chip,device,READ,WL_2,BL_7,2715834.533393695,3.682109449983333e-07,1.1046328349949998e-07,0.30039206716242084,reset
chip,device,READ,WL_2,BL_15,2953189.990683632,3.386168865378386e-07,-1.0158506596135157e-07,0.29941300639199786,reset
chip,device,READ,WL_126,BL_0,4251162.582724082,2.3522977080759277e-07,7.056893124227783e-08,0.29894577704195097,reset
chip,device,READ,WL_126,BL_7,2773065.8966273833,3.60611697405462e-07,1.0818350922163859e-07,0.3004096641228073,reset
chip,device,READ,WL_126,BL_15,2657015.5863489616,3.763621128674343e-07,-1.1290863386023028e-07,0.2995009944160401,reset
