Chip_ID,Device_ID,OP,Row,Col,Res,Cond,Meas_I,Meas_V,Prog_VBL,Prog_VSL,Prog_VWL,Prog_Pulse,Success/State
chip,device,READ,WL_0,BL_0,-1045.8145427137042,-0.0009561924788358522,-0.0002868577436507556,0.299081064372516,set
chip,device,READ,WL_0,BL_7,18601.445132858007,5.3759264017265933e-05,1.612777920517978e-05,0.3007103609819026,unknown
chip,device,READ,WL_0,BL_15,-9717.908456429108,-0.00010290280099710415,-3.087084029913124e-05,0.2994201862147596,set
chip,device,READ,WL_127,BL_0,-1046.4625809203042,-0.000955600341792018,-0.0002866801025376054,0.29900785998969265,set
chip,device,READ,WL_127,BL_7,18670.20251698299,5.3561282963608414e-05,1.6068384889082525e-05,0.3004303581482223,unknown
chip,device,READ,WL_127,BL_15,-9869.063404745679,-0.00010132673780564991,-3.039802134169497e-05,0.29936894198955655,set
