Chip_ID,Device_ID,OP,Row,Col,Res,Cond,Meas_I,Meas_V,Success/State,Prog_VBL,Prog_VSL,Prog_VWL,Prog_Pulse
chip,device,READ,WL_2,BL_0,4392340.187836264,2.276690687049483e-07,6.83007206114845e-08,0.2992097351530965,reset
chip,device,READ,WL_2,BL_7,4974443.845602826,2.0102749795516395e-07,6.030824938654918e-08,0.3002688884397106,reset
chip,device,READ,WL_2,BL_15,2213111.2586126826,4.518525655266256e-07,-1.3555576965798767e-07,0.2995713848352745,reset
