Chip_ID,Device_ID,OP,Row,Col,Res,Cond,Meas_I,Meas_V,Success/State,Prog_VBL,Prog_VSL,Prog_VWL,Prog_Pulse
chip,device,READ,WL_2,BL_0,7302433.920544552,1.3694064347321458e-07,4.108219304196437e-08,0.29903376307899904,reset
chip,device,READ,WL_2,BL_7,3252910.919936507,3.0741696425536263e-07,9.222508927660879e-08,0.300356873241646,reset
chip,device,READ,WL_2,BL_15,2329886.648059663,4.2920542972886826e-07,-1.2876162891866046e-07,0.2997297632785518,reset
