Chip_ID,Device_ID,OP,Row,Col,Res,Cond,Meas_I,Meas_V,Success/State,Prog_VBL,Prog_VSL,Prog_VWL,Prog_Pulse
chip,device,READ,WL_2,BL_0,3217122.3814905453,3.108367918340376e-07,9.325103755021129e-08,0.2989809714567698,reset
chip,device,READ,WL_2,BL_7,3513466.1489533056,2.8461922147674863e-07,8.538576644302459e-08,0.3003392762812596,reset
chip,device,READ,WL_2,BL_15,3242324.468659173,3.084207054741621e-07,-9.252621164224863e-08,0.2999057393266377,reset
chip,device,READ,WL_126,BL_0,3563868.2904003877,2.8059398342345967e-07,8.417819502703791e-08,0.29892817983454056,reset
chip,device,READ,WL_126,BL_7,2461797.9246611446,4.0620718296269e-07,1.2186215488880698e-07,0.3005152458851304,reset
chip,device,READ,WL_126,BL_15,3499273.9221207504,2.8577356967640465e-07,-8.573207090292139e-08,0.2998001536977862,reset
