Chip_ID,Device_ID,OP,Row,Col,Res,Cond,Meas_I,Meas_V,Success/State,Prog_VBL,Prog_VSL,Prog_VWL,Prog_Pulse
chip,device,READ,WL_3,BL_0,5981453.240330806,1.671834518837925e-07,5.0155035565137745e-08,0.2992097351530965,reset
chip,device,READ,WL_3,BL_7,4183684.922139701,2.390237359195206e-07,7.170712077585618e-08,0.3005504398059039,reset
chip,device,READ,WL_3,BL_15,1981391.2395486957,5.046958823880595e-07,-1.5140876471641784e-07,0.29958898244008375,reset
