Chip_ID,Device_ID,OP,Row,Col,Res,Cond,Meas_I,Meas_V,Success/State,Prog_VBL,Prog_VSL,Prog_VWL,Prog_Pulse
chip,device,READ,WL_3,BL_0,5981453.240330806,1.671834518837925e-07,5.0155035565137745e-08,0.29917454073827765,reset
chip,device,READ,WL_3,BL_7,4624790.87492657,2.1622599314090663e-07,6.486779794227198e-08,0.3003392762812596,reset
chip,device,READ,WL_3,BL_15,2176744.6532780603,4.5940161079254466e-07,-1.378204832377634e-07,0.2995009944160401,reset
