Chip_ID,Device_ID,OP,Row,Col,Res,Cond,Meas_I,Meas_V,Success/State,Prog_VBL,Prog_VSL,Prog_VWL,Prog_Pulse
chip,device,READ,WL_2,BL_0,0.0,inf,7.056893124227783e-08,0.29891058262713077,set
chip,device,READ,WL_2,BL_7,0.0,inf,6.942734649799479e-08,0.30032167932087184,set
chip,device,READ,WL_2,BL_15,0.0,inf,-1.197027745995575e-07,0.29965937285931743,set
chip,device,READ,WL_126,BL_0,0.0,inf,7.964177376545121e-08,0.29903376307899904,set
chip,device,READ,WL_126,BL_7,0.0,inf,8.310599216516319e-08,0.3003744702020331,set
chip,device,READ,WL_126,BL_15,0.0,inf,-1.2876162891866046e-07,0.2995009944160401,set
