Chip_ID,Device_ID,OP,Row,Col,Res,Cond,Meas_I,Meas_V,Success/State,Prog_VBL,Prog_VSL,Prog_VWL,Prog_Pulse
chip,device,READ,WL_2,BL_0,10087037.723832102,9.913713295999217e-08,2.974113988799765e-08,0.29878740217526323,reset
chip,device,READ,WL_2,BL_7,4321063.890993798,2.314244883266493e-07,6.942734649799479e-08,0.30011051579622755,reset
chip,device,READ,WL_2,BL_15,2213111.2586126826,4.518525655266256e-07,-1.3555576965798767e-07,0.29976495848816964,reset
chip,device,READ,WL_126,BL_0,13079584.741379103,7.645502665205873e-08,2.2936507995617618e-08,0.29894577704195097,reset
chip,device,READ,WL_126,BL_7,4467771.359126647,2.2382524073377792e-07,6.714757222013338e-08,0.30053284284551685,reset
chip,device,READ,WL_126,BL_15,2074478.9963117768,4.820487465903021e-07,-1.4461462397709063e-07,0.2997473608833604,reset
