Chip_ID,Device_ID,OP,Row,Col,Res,Cond,Meas_I,Meas_V,Success/State,Prog_VBL,Prog_VSL,Prog_VWL,Prog_Pulse
chip,device,READ,WL_2,BL_0,5485317.404333761,1.8230485608908142e-07,5.469145682672443e-08,0.2991393463234575,reset
chip,device,READ,WL_2,BL_7,3819396.3496514494,2.618214786981346e-07,7.854644360944038e-08,0.3004096641228073,reset
chip,device,READ,WL_2,BL_15,2042492.8719728927,4.895977918562213e-07,-1.4687933755686639e-07,0.29971216567374387,reset
