Chip_ID,Device_ID,OP,Row,Col,Res,Cond,Meas_I,Meas_V,Success/State,Prog_VBL,Prog_VSL,Prog_VWL,Prog_Pulse
chip,device,READ,WL_4,BL_0,9372261.390429832,1.0669783506263666e-07,3.2009350518790996e-08,0.2989809714567698,reset
chip,device,READ,WL_4,BL_7,3933566.296115184,2.5422223110555084e-07,7.626666933166525e-08,0.30048005196435557,reset
chip,device,READ,WL_4,BL_15,2213111.2586126826,4.518525655266256e-07,-1.3555576965798767e-07,0.29978255609297755,reset
