Chip_ID,Device_ID,OP,Row,Col,Res,Cond,Meas_I,Meas_V,Success/State,Prog_VBL,Prog_VSL,Prog_VWL,Prog_Pulse
chip,device,READ,WL_2,BL_0,0.0,inf,7.510535250386453e-08,0.29903376307899904,set
chip,device,READ,WL_2,BL_7,0.0,inf,5.3468926552964975e-08,0.3002688884397106,set
chip,device,READ,WL_2,BL_15,0.0,inf,-1.197027745995575e-07,0.29923703034391125,set
chip,device,READ,WL_126,BL_0,0.0,inf,7.056893124227783e-08,0.2988753882123113,set
chip,device,READ,WL_126,BL_7,0.0,inf,7.170712077585618e-08,0.30032167932087184,set
chip,device,READ,WL_126,BL_15,0.0,inf,-1.1290863386023028e-07,0.2995537872304659,set
