Chip_ID,Device_ID,OP,Row,Col,Res,Cond,Meas_I,Meas_V,Success/State,Prog_VBL,Prog_VSL,Prog_VWL,Prog_Pulse
chip,device,READ,WL_3,BL_0,5266884.68158191,1.8986555819172593e-07,5.695966745751778e-08,0.2992097351530965,reset
chip,device,READ,WL_3,BL_7,3711666.9298852785,2.69420726291006e-07,8.082621788730179e-08,0.30014570971700105,reset
chip,device,READ,WL_3,BL_15,1981391.2395486957,5.046958823880595e-07,-1.5140876471641784e-07,0.29967697046412606,reset
