Chip_ID,Device_ID,OP,Row,Col,Res,Cond,Meas_I,Meas_V,Prog_VBL,Prog_VSL,Prog_VWL,Prog_Pulse,Success/State
chip,device,READ,WL_2,BL_0,1130.8665461691728,0.0008842776394681714,-0.00026528329184045144,0.2988266791422018,set
chip,device,READ,WL_2,BL_7,103295.39926420838,9.680973277834048e-06,-2.904291983350214e-06,0.3005200322583556,reset
chip,device,READ,WL_2,BL_15,735668.3354403559,1.3593081988521642e-06,-4.0779245965564924e-07,0.29942933696925966,reset
chip,device,READ,WL_126,BL_0,1130.8253187448413,0.0008843098783019373,-0.0002652929634905812,0.29885047056662006,set
chip,device,READ,WL_126,BL_7,103303.8326379416,9.680182956084423e-06,-2.9040548868253268e-06,0.3002418595085561,reset
chip,device,READ,WL_126,BL_15,720275.875725813,1.388356925035581e-06,-4.1650707751067426e-07,0.299482411345362,reset
