Chip_ID,Device_ID,OP,Row,Col,Res,Cond,Meas_I,Meas_V,Prog_VBL,Prog_VSL,Prog_VWL,Prog_Pulse,Success/State
chip,device,READ,WL_2,BL_0,1049.7148560844414,0.0009526396565731349,-0.0002857918969719405,0.29902067075668637,set
chip,device,READ,WL_2,BL_7,19766.14001385406,5.0591567159754075e-05,1.5177470147926221e-05,0.3006700991365361,unknown
chip,device,READ,WL_2,BL_15,9325.14183760792,0.00010723697477362118,-3.217109243208635e-05,0.29905964648744093,unknown
chip,device,READ,WL_126,BL_0,1038.7387366574194,0.0009627059863175242,-0.00028881179589525723,0.2990115202088337,set
chip,device,READ,WL_126,BL_7,19312.67969759056,5.1779453481266996e-05,1.55338360443801e-05,0.300444998819265,unknown
chip,device,READ,WL_126,BL_15,9774.045827248272,0.00010231177730026402,-3.0693533190079205e-05,0.29925730278465107,unknown
