Chip_ID,Device_ID,OP,Row,Col,Res,Cond,Meas_I,Meas_V,Success/State,Prog_VBL,Prog_VSL,Prog_VWL,Prog_Pulse
chip,device,READ,WL_2,BL_0,10087037.723832102,9.913713295999217e-08,2.974113988799765e-08,0.29884019379749244,reset
chip,device,READ,WL_2,BL_7,4624790.87492657,2.1622599314090663e-07,6.486779794227198e-08,0.30039206716242084,reset
chip,device,READ,WL_2,BL_15,2176744.6532780603,4.5940161079254466e-07,-1.378204832377634e-07,0.2997297632785518,reset
chip,device,READ,WL_126,BL_0,4251162.582724082,2.3522977080759277e-07,7.056893124227783e-08,0.2991393463234575,reset
chip,device,READ,WL_126,BL_7,2660917.7178112646,3.7581019259120463e-07,1.1274305777736139e-07,0.3005152458851304,reset
chip,device,READ,WL_126,BL_15,2711400.6737973075,3.688130676015151e-07,-1.1064392028045454e-07,0.29939540878718857,reset
