Chip_ID,Device_ID,OP,Row,Col,Res,Cond,Meas_I,Meas_V,Prog_VBL,Prog_VSL,Prog_VWL,Prog_Pulse,Success/State
chip,device,READ,WL_0,BL_0,-1038.7387366574194,-0.0009627059863175242,-0.00028881179589525723,0.2991103461256465,set
chip,device,READ,WL_0,BL_7,21353.866235553436,4.682992714148575e-05,1.4048978142445724e-05,0.30051637209059523,unknown
chip,device,READ,WL_0,BL_15,-10310.068715160867,-9.699256402913286e-05,-2.9097769208739858e-05,0.299383583196758,set
chip,device,READ,WL_127,BL_0,-1038.5258126657063,-0.0009629033653320397,-0.0002888710095996119,0.2989236749494441,set
chip,device,READ,WL_127,BL_7,18809.253548949786,5.316532085643744e-05,1.5949596256931232e-05,0.3003461742897315,unknown
chip,device,READ,WL_127,BL_15,-9376.821059807866,-0.00010664595107678106,-3.1993785323034315e-05,0.2992939058026533,set
