Chip_ID,Device_ID,OP,Row,Col,Res,Cond,Meas_I,Meas_V,Prog_VBL,Prog_VSL,Prog_VWL,Prog_Pulse,Success/State
chip,device,READ,WL_2,BL_0,1130.6788348751581,0.0008844244441087581,-0.0002653273332326274,0.2989710381851319,set
chip,device,READ,WL_2,BL_7,102830.3318460937,9.724757102765177e-06,-2.9174271308295533e-06,0.30034990766084674,reset
chip,device,READ,WL_2,BL_15,721242.4915241245,1.386496236358464e-06,-4.159488709075392e-07,0.2995036410958037,reset
chip,device,READ,WL_126,BL_0,1130.6976836229526,0.000884409700739658,-0.0002653229102218974,0.29896236346576666,set
chip,device,READ,WL_126,BL_7,102805.68483175972,9.727088551926756e-06,-2.9181265655780265e-06,0.30032439629155655,reset
chip,device,READ,WL_126,BL_15,727005.8096271533,1.3755048264509088e-06,-4.1265144793527264e-07,0.2995261702533841,reset
