Chip_ID,Device_ID,OP,Row,Col,Res,Cond,Meas_I,Meas_V,Prog_VBL,Prog_VSL,Prog_VWL,Prog_Pulse,Success/State
chip,device,READ,WL_2,BL_0,4716.5780944322105,0.00021201811567171384,-0.00010600905783585692,0.49989140567345935,set
chip,device,READ,WL_2,BL_7,24599567.528839152,4.065112115599822e-08,2.032556057799911e-08,0.49926557301087865,reset
chip,device,READ,WL_2,BL_15,959660.3216375987,1.0420353717381628e-06,-5.210176858690814e-07,0.5002965032084974,reset
chip,device,READ,WL_126,BL_0,4716.150924804766,0.00021203731940393677,-0.0001060186597019684,0.49982735183848737,set
chip,device,READ,WL_126,BL_7,28524006.018082943,3.50581892096799e-08,1.752909460483995e-08,0.4993204755272866,reset
chip,device,READ,WL_126,BL_15,956113.6342412664,1.0459007843702177e-06,-5.229503921851088e-07,0.500271665446282,reset
