Chip_ID,Device_ID,OP,Row,Col,Res,Cond,Meas_I,Meas_V,Prog_VBL,Prog_VSL,Prog_VWL,Prog_Pulse,Success/State
chip,device,READ,WL_0,BL_0,-1036.4013639689356,-0.0009648771554781293,-0.0002894631466434388,0.2990041997705509,set
chip,device,READ,WL_0,BL_7,16058.465836671252,6.227244932180204e-05,1.8681734796540613e-05,0.3004541492386666,unknown
chip,device,READ,WL_0,BL_15,-10567.64426191875,-9.462846924205903e-05,-2.838854077261771e-05,0.29933050882065493,set
chip,device,READ,WL_127,BL_0,-1029.0337541618849,-0.0009717854209889044,-0.0002915356262966713,0.29910668590650547,set
chip,device,READ,WL_127,BL_7,17751.578746905612,5.633301771394931e-05,1.6899905314184792e-05,0.3002272188375147,unknown
chip,device,READ,WL_127,BL_15,-10480.367559288174,-9.541650083767863e-05,-2.862495025130359e-05,0.299248152030151,set
