Chip_ID,Device_ID,OP,Row,Col,Res,Cond,Meas_I,Meas_V,Prog_VBL,Prog_VSL,Prog_VWL,Prog_Pulse,Success/State
chip,device,READ,WL_2,BL_0,1046.0304662513831,0.0009559950998211929,-0.00028679852994635785,0.2991176665639287,set
chip,device,READ,WL_2,BL_7,20160.61482339631,4.9601661891754616e-05,1.4880498567526383e-05,0.3004358483998635,unknown
chip,device,READ,WL_2,BL_15,11962.290997079883,8.359602690187944e-05,-2.5078808070563828e-05,0.2992261902193488,unknown
chip,device,READ,WL_126,BL_0,1050.150020786733,0.00095224489854396,-0.000285673469563188,0.2990774041533756,set
chip,device,READ,WL_126,BL_7,20000.95044556615,4.9997623998997604e-05,1.4999287199699281e-05,0.3004907509162714,unknown
chip,device,READ,WL_126,BL_15,10908.29550498038,9.167335075800173e-05,-2.7502005227400515e-05,0.2991767761450471,unknown
