Chip_ID,Device_ID,OP,Row,Col,Res,Cond,Meas_I,Meas_V,Success/State,Prog_VBL,Prog_VSL,Prog_VWL,Prog_Pulse
chip,device,READ,WL_2,BL_0,6264771.164330007,1.5962274978114801e-07,4.78868249343444e-08,0.29901616587158997,reset
chip,device,READ,WL_2,BL_7,2715834.533393695,3.682109449983333e-07,1.1046328349949998e-07,0.300356873241646,reset
chip,device,READ,WL_2,BL_15,2414832.8352234433,4.1410733919702995e-07,-1.2423220175910898e-07,0.299536189625658,reset
chip,device,READ,WL_126,BL_0,5266884.68158191,1.8986555819172593e-07,5.695966745751778e-08,0.29885779100490156,reset
chip,device,READ,WL_126,BL_7,2373010.2650580984,4.2140567814843274e-07,1.264217034445298e-07,0.3005680367662917,reset
chip,device,READ,WL_126,BL_15,2289615.9221080337,4.367544749947873e-07,-1.310263424984362e-07,0.29944820160161434,reset
