Chip_ID,Device_ID,OP,Row,Col,Res,Cond,Meas_I,Meas_V,Prog_VBL,Prog_VSL,Prog_VWL,Prog_Pulse,Success/State
chip,device,READ,WL_2,BL_0,1008.4604464917065,0.0009916105321521144,-0.0002974831596456343,0.2989051124095132,set
chip,device,READ,WL_2,BL_7,183870.4681514725,5.438611268320696e-06,-1.6315833804962087e-06,0.300345128527514,reset
chip,device,READ,WL_2,BL_15,142343.71524594963,7.025248696594315e-06,-2.1075746089782944e-06,0.29943064421990273,reset
chip,device,READ,WL_126,BL_0,1008.0224469202002,0.000992041400521674,-0.00029761242015650214,0.2989153087342636,set
chip,device,READ,WL_126,BL_7,186171.90720633048,5.371379683464921e-06,-1.6114139050394763e-06,0.3002622518717936,reset
chip,device,READ,WL_126,BL_15,138535.20749195322,7.218381652606864e-06,-2.165514495782059e-06,0.29948868614844887,reset
