Chip_ID,Device_ID,OP,Row,Col,Res,Cond,Meas_I,Meas_V,Prog_VBL,Prog_VSL,Prog_VWL,Prog_Pulse,Success/State
chip,device,READ,WL_2,BL_0,1040.8727884679,0.0009607321961715782,-0.0002882196588514734,0.2991085160160767,set
chip,device,READ,WL_2,BL_7,16695.41709910502,5.9896676678632145e-05,1.7969003003589643e-05,0.3006133665362486,unknown
chip,device,READ,WL_2,BL_15,11398.194552367644,8.773319277940199e-05,-2.6319957833820593e-05,0.2991969078049473,unknown
chip,device,READ,WL_126,BL_0,1040.2316527817688,0.0009613243332154121,-0.00028839729996462364,0.2991048557969356,set
chip,device,READ,WL_126,BL_7,17627.6746585825,5.6728979821120286e-05,1.7018693946336086e-05,0.30023270908915456,unknown
chip,device,READ,WL_126,BL_15,11449.615562692941,8.733917698148467e-05,-2.6201753094445402e-05,0.2993726022913566,unknown
