Chip_ID,Device_ID,OP,Row,Col,Res,Cond,Meas_I,Meas_V,Prog_VBL,Prog_VSL,Prog_VWL,Prog_Pulse,Success/State
chip,device,READ,WL_2,BL_0,1037.887564118473,0.0009634955023758737,-0.00028904865071276213,0.2991615891936242,set
chip,device,READ,WL_2,BL_7,20655.278135674962,4.841377557016966e-05,1.4524132671050897e-05,0.3004852606646309,unknown
chip,device,READ,WL_2,BL_15,11527.62291915394,8.674815328478789e-05,-2.6024445985436363e-05,0.2991676253905471,unknown
chip,device,READ,WL_126,BL_0,1040.2316527817688,0.0009613243332154121,-0.00028839729996462364,0.29890903407287917,set
chip,device,READ,WL_126,BL_7,17877.23699705821,5.593705560677833e-05,1.67811166820335e-05,0.3002070879148314,unknown
chip,device,READ,WL_126,BL_15,10589.69103916599,9.443146134306453e-05,-2.832943840291936e-05,0.2992719439918518,unknown
