Chip_ID,Device_ID,OP,Row,Col,Res,Cond,Meas_I,Meas_V,Success/State,Prog_VBL,Prog_VSL,Prog_VWL,Prog_Pulse
chip,device,READ,WL_2,BL_0,0.0,inf,7.737356313465787e-08,0.29903376307899904,set
chip,device,READ,WL_2,BL_7,0.0,inf,6.942734649799479e-08,0.3004624550039692,set
chip,device,READ,WL_2,BL_15,0.0,inf,-1.0384977954112733e-07,0.29951859202084874,set
chip,device,READ,WL_126,BL_0,0.0,inf,8.417819502703791e-08,0.29882259659008203,set
chip,device,READ,WL_126,BL_7,0.0,inf,8.538576644302459e-08,0.30074400637016246,set
chip,device,READ,WL_126,BL_15,0.0,inf,-1.197027745995575e-07,0.29971216567374387,set
