Chip_ID,Device_ID,OP,Row,Col,Res,Cond,Meas_I,Meas_V,Success/State,Prog_VBL,Prog_VSL,Prog_VWL,Prog_Pulse
chip,device,READ,WL_2,BL_0,4704827.043637558,2.125476644996594e-07,6.376429934989781e-08,0.29936811001978425,reset
chip,device,READ,WL_2,BL_7,3422097.1836032504,2.9221846906962e-07,8.766554072088598e-08,0.30011051579622755,reset
chip,device,READ,WL_2,BL_15,2657015.5863489616,3.763621128674343e-07,-1.1290863386023028e-07,0.2996417752545095,reset
chip,device,READ,WL_126,BL_0,4878359.034674698,2.0498696239701488e-07,6.149608871910446e-08,0.2988753882123113,reset
chip,device,READ,WL_126,BL_7,3609848.004747792,2.7701997388387733e-07,8.310599216516319e-08,0.30042726108319434,reset
chip,device,READ,WL_126,BL_15,2768058.6445750487,3.61264022335596e-07,-1.083792067006788e-07,0.29941300639199786,reset
