Chip_ID,Device_ID,OP,Row,Col,Res,Cond,Meas_I,Meas_V,Prog_VBL,Prog_VSL,Prog_VWL,Prog_Pulse,Success/State
chip,device,READ,WL_0,BL_0,-1044.3055703437794,-0.0009575741319380358,-0.00028727223958141074,0.29897674812699226,set
chip,device,READ,WL_0,BL_7,16531.488727573877,6.049061983946063e-05,1.8147185951838187e-05,0.3004321882321031,unknown
chip,device,READ,WL_0,BL_15,-10634.061720861393,-9.403744554521889e-05,-2.8211233663565667e-05,0.29927926459545257,set
chip,device,READ,WL_127,BL_0,-1048.4115231909539,-0.0009538239306607312,-0.00028614717919821936,0.29892733516858516,set
chip,device,READ,WL_127,BL_7,19312.67969759056,5.1779453481266996e-05,1.55338360443801e-05,0.3002949319410839,unknown
chip,device,READ,WL_127,BL_15,-9571.313851529327,-0.00010447886418855836,-3.134365925656751e-05,0.29935430078235575,set
