Chip_ID,Device_ID,OP,Row,Col,Res,Cond,Meas_I,Meas_V,Success/State,Prog_VBL,Prog_VSL,Prog_VWL,Prog_Pulse
chip,device,READ,WL_2,BL_0,5485317.404333761,1.8230485608908142e-07,5.469145682672443e-08,0.29901616587158997,reset
chip,device,READ,WL_2,BL_7,3933566.296115184,2.5422223110555084e-07,7.626666933166525e-08,0.30048005196435557,reset
chip,device,READ,WL_2,BL_15,2107482.8860985273,4.7449970132438307e-07,-1.423499103973149e-07,0.2995009944160401,reset
