Chip_ID,Device_ID,OP,Row,Col,Res,Cond,Meas_I,Meas_V,Prog_VBL,Prog_VSL,Prog_VWL,Prog_Pulse,Success/State
chip,device,READ,WL_2,BL_0,-1033.441696165989,-0.0009676404616824966,-0.000290292138504749,0.29928420653485527,set
chip,device,READ,WL_2,BL_7,17751.578746905612,5.633301771394931e-05,1.6899905314184792e-05,0.30056944452312234,unknown
chip,device,READ,WL_2,BL_15,-11878.311366058382,-8.418705059857622e-05,-2.5256115179572863e-05,0.2991438334288449,set
chip,device,READ,WL_126,BL_0,-1035.7657232037247,-0.0009654692925219635,-0.00028964078775658904,0.29909021492037,set
chip,device,READ,WL_126,BL_7,18069.09578814595,5.534311244594984e-05,1.660293373378495e-05,0.300686569891459,unknown
chip,device,READ,WL_126,BL_15,-11423.847193767788,-8.753618488047915e-05,-2.6260855464143746e-05,0.2990212133185393,set
