Chip_ID,Device_ID,OP,Row,Col,Res,Cond,Meas_I,Meas_V,Prog_VBL,Prog_VSL,Prog_VWL,Prog_Pulse,Success/State
chip,device,READ,WL_2,BL_0,1130.7881160885804,0.0008843389718836282,-0.00026530169156508847,0.2990517826193868,set
chip,device,READ,WL_2,BL_7,102984.32951257913,9.710215182571577e-06,-2.913064554771473e-06,0.3004852606646309,reset
chip,device,READ,WL_2,BL_15,722728.0447141752,1.3836463207892817e-06,-4.150938962367845e-07,0.29950803345796423,reset
chip,device,READ,WL_126,BL_0,1130.8896750648876,0.000884259554268742,-0.0002652778662806226,0.298989558893986,set
chip,device,READ,WL_126,BL_7,103135.42637744921,9.69598939107748e-06,-2.9087968173232436e-06,0.3003589848768934,reset
chip,device,READ,WL_126,BL_15,721908.8019599479,1.3852165222048101e-06,-4.15564956661443e-07,0.29937992289495796,reset
