Chip_ID,Device_ID,OP,Row,Col,Res,Cond,Meas_I,Meas_V,Success/State,Prog_VBL,Prog_VSL,Prog_VWL,Prog_Pulse
chip,device,READ,WL_3,BL_0,4543216.668391437,2.2010836660230385e-07,6.603250998069116e-08,0.299315318397555,reset
chip,device,READ,WL_3,BL_7,4624790.87492657,2.1622599314090663e-07,6.486779794227198e-08,0.3005152458851304,reset
chip,device,READ,WL_3,BL_15,2213111.2586126826,4.518525655266256e-07,-1.3555576965798767e-07,0.2998353489074033,reset
