Chip_ID,Device_ID,OP,Row,Col,Res,Cond,Meas_I,Meas_V,Success/State,Prog_VBL,Prog_VSL,Prog_VWL,Prog_Pulse
chip,device,READ,WL_2,BL_0,5981453.240330806,1.671834518837925e-07,5.0155035565137745e-08,0.2991393463234575,reset
chip,device,READ,WL_2,BL_7,3819396.3496514494,2.618214786981346e-07,7.854644360944038e-08,0.30028648540009834,reset
chip,device,READ,WL_2,BL_15,2141553.9030205295,4.669506560584638e-07,-1.4008519681753912e-07,0.2993602135775721,reset
