Chip_ID,Device_ID,OP,Row,Col,Res,Cond,Meas_I,Meas_V,Success/State,Prog_VBL,Prog_VSL,Prog_VWL,Prog_Pulse
chip,device,READ,WL_2,BL_0,7302433.920544552,1.3694064347321458e-07,4.108219304196437e-08,0.2987170133456242,reset
chip,device,READ,WL_2,BL_7,4467771.359126647,2.2382524073377792e-07,6.714757222013338e-08,0.3005152458851304,reset
chip,device,READ,WL_2,BL_15,1981391.2395486957,5.046958823880595e-07,-1.5140876471641784e-07,0.2996241776497003,reset
chip,device,READ,WL_126,BL_0,16304270.970916161,6.133362244676976e-08,1.8400086734030927e-08,0.2988049993826723,reset
chip,device,READ,WL_126,BL_7,7130962.838840146,1.4023351721219325e-07,4.2070055163657975e-08,0.30025129147932356,reset
chip,device,READ,WL_126,BL_15,1818214.367579143,5.499901539835743e-07,-1.6499704619507228e-07,0.2994833968112322,reset
