Chip_ID,Device_ID,OP,Row,Col,Res,Cond,Meas_I,Meas_V,Success/State,Prog_VBL,Prog_VSL,Prog_VWL,Prog_Pulse
chip,device,READ,WL_3,BL_0,5981453.240330806,1.671834518837925e-07,5.0155035565137745e-08,0.2992625267753257,reset
chip,device,READ,WL_3,BL_7,4467771.359126647,2.2382524073377792e-07,6.714757222013338e-08,0.3006384246078393,reset
chip,device,READ,WL_3,BL_15,2074478.9963117768,4.820487465903021e-07,-1.4461462397709063e-07,0.29960658004489166,reset
