Chip_ID,Device_ID,OP,Row,Col,Res,Cond,Meas_I,Meas_V,Success/State,Prog_VBL,Prog_VSL,Prog_VWL,Prog_Pulse
chip,device,READ,WL_2,BL_0,5722652.101297858,1.7474415398643696e-07,5.242324619593109e-08,0.2986994161382138,reset
chip,device,READ,WL_2,BL_7,3252910.919936507,3.0741696425536263e-07,9.222508927660879e-08,0.3003392762812596,reset
chip,device,READ,WL_2,BL_15,2250713.6549654715,4.4430352026070646e-07,-1.3329105607821192e-07,0.29969456806893463,reset
