Chip_ID,Device_ID,OP,Row,Col,Res,Cond,Meas_I,Meas_V,Success/State,Prog_VBL,Prog_VSL,Prog_VWL,Prog_Pulse
chip,device,READ,WL_2,BL_0,6576262.882598064,1.5206204767850355e-07,4.561861430355106e-08,0.29882259659008203,reset
chip,device,READ,WL_2,BL_7,6433681.096774051,1.5543201239822344e-07,4.662960371946703e-08,0.30039206716242084,reset
chip,device,READ,WL_2,BL_15,2213111.2586126826,4.518525655266256e-07,-1.3555576965798767e-07,0.299536189625658,reset
chip,device,READ,WL_126,BL_0,11902533.190179821,8.40157287547032e-08,2.520471862641096e-08,0.29903376307899904,reset
chip,device,READ,WL_126,BL_7,6764400.309489044,1.478327648050646e-07,4.4349829441519377e-08,0.3003392762812596,reset
chip,device,READ,WL_126,BL_15,1923839.1595473613,5.197939729198977e-07,-1.5593819187596932e-07,0.2998881417218291,reset
