Chip_ID,Device_ID,OP,Row,Col,Res,Cond,Meas_I,Meas_V,Success/State,Prog_VBL,Prog_VSL,Prog_VWL,Prog_Pulse
chip,device,READ,WL_4,BL_0,6264771.164330007,1.5962274978114801e-07,4.78868249343444e-08,0.29896337424936004,reset
chip,device,READ,WL_4,BL_7,3819396.3496514494,2.618214786981346e-07,7.854644360944038e-08,0.3006032306870651,reset
chip,device,READ,WL_4,BL_15,2141553.9030205295,4.669506560584638e-07,-1.4008519681753912e-07,0.299536189625658,reset
