Chip_ID,Device_ID,OP,Row,Col,Res,Cond,Meas_I,Meas_V,Success/State,Prog_VBL,Prog_VSL,Prog_VWL,Prog_Pulse
chip,device,READ,WL_3,BL_0,5485317.404333761,1.8230485608908142e-07,5.469145682672443e-08,0.2988929854197217,reset
chip,device,READ,WL_3,BL_7,4467771.359126647,2.2382524073377792e-07,6.714757222013338e-08,0.30074400637016246,reset
chip,device,READ,WL_3,BL_15,2329886.648059663,4.2920542972886826e-07,-1.2876162891866046e-07,0.2998001536977862,reset
