Chip_ID,Device_ID,OP,Row,Col,Res,Cond,Meas_I,Meas_V,Success/State,Prog_VBL,Prog_VSL,Prog_VWL,Prog_Pulse
chip,device,READ,WL_2,BL_0,5266884.68158191,1.8986555819172593e-07,5.695966745751778e-08,0.2991393463234575,reset
chip,device,READ,WL_2,BL_7,3933566.296115184,2.5422223110555084e-07,7.626666933166525e-08,0.3004096641228073,reset
chip,device,READ,WL_2,BL_15,2414832.8352234433,4.1410733919702995e-07,-1.2423220175910898e-07,0.2995713848352745,reset
chip,device,READ,WL_126,BL_0,6920350.782983188,1.445013455761451e-07,4.3350403672843534e-08,0.29892817983454056,reset
chip,device,READ,WL_126,BL_7,4624790.87492657,2.1622599314090663e-07,6.486779794227198e-08,0.30032167932087184,reset
chip,device,READ,WL_126,BL_15,2289615.9221080337,4.367544749947873e-07,-1.310263424984362e-07,0.29971216567374387,reset
