Chip_ID,Device_ID,OP,Row,Col,Res,Cond,Meas_I,Meas_V,Success/State,Prog_VBL,Prog_VSL,Prog_VWL,Prog_Pulse
chip,device,READ,WL_2,BL_0,10087037.723832102,9.913713295999217e-08,2.974113988799765e-08,0.29901616587158997,reset
chip,device,READ,WL_2,BL_7,3609848.004747792,2.7701997388387733e-07,8.310599216516319e-08,0.30069121548900124,reset
chip,device,READ,WL_2,BL_15,1793595.8607863009,5.575391992494934e-07,-1.67261759774848e-07,0.299536189625658,reset
chip,device,READ,WL_126,BL_0,4704827.043637558,2.125476644996594e-07,6.376429934989781e-08,0.29892817983454056,reset
chip,device,READ,WL_126,BL_7,3335359.9351358977,2.9981771666249133e-07,8.994531499874739e-08,0.3001809036377752,reset
chip,device,READ,WL_126,BL_15,2554538.0892270245,3.914602033992725e-07,-1.1743806101978175e-07,0.29951859202084874,reset
