Chip_ID,Device_ID,OP,Row,Col,Res,Cond,Meas_I,Meas_V,Success/State,Prog_VBL,Prog_VSL,Prog_VWL,Prog_Pulse
chip,device,READ,WL_2,BL_0,5065182.304061072,1.974262602943704e-07,5.922787808831112e-08,0.2990689574938192,reset
chip,device,READ,WL_2,BL_7,3335359.9351358977,2.9981771666249133e-07,8.994531499874739e-08,0.3001809036377752,reset
chip,device,READ,WL_2,BL_15,2604769.303560188,3.8391115813335334e-07,-1.15173347440006e-07,0.29967697046412606,reset
chip,device,READ,WL_126,BL_0,11902533.190179821,8.40157287547032e-08,2.520471862641096e-08,0.29896337424936004,reset
chip,device,READ,WL_126,BL_7,5169875.641882674,1.934282503622926e-07,5.802847510868778e-08,0.3002336945189371,reset
chip,device,READ,WL_126,BL_15,1952191.1218914008,5.122449276539786e-07,-1.536734782961936e-07,0.29978255609297755,reset
