Chip_ID,Device_ID,OP,Row,Col,Res,Cond,Meas_I,Meas_V,Prog_VBL,Prog_VSL,Prog_VWL,Prog_Pulse,Success/State
chip,device,READ,WL_2,BL_0,1050.3677384658354,0.0009520475195293009,-0.00028561425585879027,0.2992878667539963,set
chip,device,READ,WL_2,BL_7,19093.663274003557,5.23733966420955e-05,1.571201899262865e-05,0.3003150628637665,unknown
chip,device,READ,WL_2,BL_15,11172.40243046768,8.950626386970735e-05,-2.6851879160912206e-05,0.2994549590818605,unknown
chip,device,READ,WL_126,BL_0,1044.5208711684268,0.0009573767529234484,-0.00028721302587703454,0.2991780601797596,set
chip,device,READ,WL_126,BL_7,19536.77893877108,5.118551032051054e-05,1.535565309615316e-05,0.30016316590170516,unknown
chip,device,READ,WL_126,BL_15,10611.829999022159,9.423445344414171e-05,-2.8270336033242514e-05,0.2994037148566588,unknown
