Chip_ID,Device_ID,OP,Row,Col,Res,Cond,Meas_I,Meas_V,Prog_VBL,Prog_VSL,Prog_VWL,Prog_Pulse,Success/State
chip,device,READ,WL_2,BL_0,1130.7120090915746,0.0008843984957791419,-0.00026531954873374255,0.299000356540453,set
chip,device,READ,WL_2,BL_7,103069.0570836575,9.702232932899885e-06,-2.910669879869965e-06,0.3004625676245155,reset
chip,device,READ,WL_2,BL_15,729182.5227214575,1.3713987497503322e-06,-4.114196249250996e-07,0.2994520308404204,reset
chip,device,READ,WL_126,BL_0,1130.7409627258319,0.0008843758499642041,-0.00026531275498926124,0.2989095831057497,set
chip,device,READ,WL_126,BL_7,102835.3462444947,9.724282909715346e-06,-2.9172848729146035e-06,0.3003525795833118,reset
chip,device,READ,WL_126,BL_15,715300.5910720723,1.3980136637399228e-06,-4.194040991219768e-07,0.29947966611901233,reset
