Chip_ID,Device_ID,OP,Row,Col,Res,Cond,Meas_I,Meas_V,Success/State,Prog_VBL,Prog_VSL,Prog_VWL,Prog_Pulse
chip,device,READ,WL_2,BL_0,5722652.101297858,1.7474415398643696e-07,5.242324619593109e-08,0.2987170133456242,reset
chip,device,READ,WL_2,BL_7,4467771.359126647,2.2382524073377792e-07,6.714757222013338e-08,0.30048005196435557,reset
chip,device,READ,WL_2,BL_15,2107482.8860985273,4.7449970132438307e-07,-1.423499103973149e-07,0.2995713848352745,reset
chip,device,READ,WL_126,BL_0,5266884.68158191,1.8986555819172593e-07,5.695966745751778e-08,0.29894577704195097,reset
chip,device,READ,WL_126,BL_7,3819396.3496514494,2.618214786981346e-07,7.854644360944038e-08,0.3003392762812596,reset
chip,device,READ,WL_126,BL_15,2554538.0892270245,3.914602033992725e-07,-1.1743806101978175e-07,0.299536189625658,reset
