Chip_ID,Device_ID,OP,Row,Col,Res,Cond,Meas_I,Meas_V,Prog_VBL,Prog_VSL,Prog_VWL,Prog_Pulse,Success/State
chip,device,READ,WL_2,BL_0,1004.3965183922522,0.0009956227263717623,-0.0004978113631858811,0.4998613395876567,set
chip,device,READ,WL_2,BL_7,137341.15738416486,7.281138582536059e-06,-3.6405692912680296e-06,0.49917929762795277,reset
chip,device,READ,WL_2,BL_15,212730.1638027175,4.700790814636818e-06,-2.350395407318409e-06,0.5003030394617126,reset
chip,device,READ,WL_126,BL_0,1003.976222156106,0.000996039525570071,-0.0004980197627850355,0.49970185861078864,set
chip,device,READ,WL_126,BL_7,141466.16037361242,7.068828314552384e-06,-3.5344141572761925e-06,0.49914269595034727,reset
chip,device,READ,WL_126,BL_15,213447.67173777253,4.684989027327189e-06,-2.3424945136635943e-06,0.5001866941544926,reset
