Chip_ID,Device_ID,OP,Row,Col,Res,Cond,Meas_I,Meas_V,Success/State,Prog_VBL,Prog_VSL,Prog_VWL,Prog_Pulse
chip,device,READ,WL_3,BL_0,4392340.187836264,2.276690687049483e-07,6.83007206114845e-08,0.2989985686641795,reset
chip,device,READ,WL_3,BL_7,4321063.890993798,2.314244883266493e-07,6.942734649799479e-08,0.30032167932087184,reset
chip,device,READ,WL_3,BL_15,2176744.6532780603,4.5940161079254466e-07,-1.378204832377634e-07,0.2993074207631463,reset
