Chip_ID,Device_ID,OP,Row,Col,Res,Cond,Meas_I,Meas_V,Success/State,Prog_VBL,Prog_VSL,Prog_VWL,Prog_Pulse
chip,device,READ,WL_2,BL_0,3662557.162124847,2.730332813208152e-07,8.190998439624456e-08,0.29912174911604844,reset
chip,device,READ,WL_2,BL_7,3099665.470874789,3.226154594411053e-07,9.678463783233157e-08,0.3002688884397106,reset
chip,device,READ,WL_2,BL_15,2953189.990683632,3.386168865378386e-07,-1.0158506596135157e-07,0.2997297632785518,reset
chip,device,READ,WL_126,BL_0,3563868.2904003877,2.8059398342345967e-07,8.417819502703791e-08,0.2988929854197217,reset
chip,device,READ,WL_126,BL_7,2715834.533393695,3.682109449983333e-07,1.1046328349949998e-07,0.3001809036377752,reset
chip,device,READ,WL_126,BL_15,3020528.9530935124,3.3106784127191946e-07,-9.932035238157583e-08,0.2995713848352745,reset
