Chip_ID,Device_ID,OP,Row,Col,Res,Cond,Meas_I,Meas_V,Success/State,Prog_VBL,Prog_VSL,Prog_VWL,Prog_Pulse
chip,device,READ,WL_2,BL_0,3662557.162124847,2.730332813208152e-07,8.190998439624456e-08,0.2988929854197217,reset
chip,device,READ,WL_2,BL_7,3609848.004747792,2.7701997388387733e-07,8.310599216516319e-08,0.3005152458851304,reset
chip,device,READ,WL_2,BL_15,2953189.990683632,3.386168865378386e-07,-1.0158506596135157e-07,0.2995713848352745,reset
chip,device,READ,WL_126,BL_0,5485317.404333761,1.8230485608908142e-07,5.469145682672443e-08,0.29908655470122825,reset
chip,device,READ,WL_126,BL_7,4624790.87492657,2.1622599314090663e-07,6.486779794227198e-08,0.3005504398059039,reset
chip,device,READ,WL_126,BL_15,2329886.648059663,4.2920542972886826e-07,-1.2876162891866046e-07,0.2998001536977862,reset
