Chip_ID,Device_ID,OP,Row,Col,Res,Cond,Meas_I,Meas_V,Success/State,Prog_VBL,Prog_VSL,Prog_VWL,Prog_Pulse
chip,device,READ,WL_2,BL_0,5981453.240330806,1.671834518837925e-07,5.0155035565137745e-08,0.2990689574938192,reset
chip,device,READ,WL_2,BL_7,3513466.1489533056,2.8461922147674863e-07,8.538576644302459e-08,0.3001633066773888,reset
chip,device,READ,WL_2,BL_15,2289615.9221080337,4.367544749947873e-07,-1.310263424984362e-07,0.2996241776497003,reset
chip,device,READ,WL_126,BL_0,4878359.034674698,2.0498696239701488e-07,6.149608871910446e-08,0.29922733236050625,reset
chip,device,READ,WL_126,BL_7,3609848.004747792,2.7701997388387733e-07,8.310599216516319e-08,0.30032167932087184,reset
chip,device,READ,WL_126,BL_15,2289615.9221080337,4.367544749947873e-07,-1.310263424984362e-07,0.29971216567374387,reset
