Chip_ID,Device_ID,OP,Row,Col,Res,Cond,Meas_I,Meas_V,Prog_VBL,Prog_VSL,Prog_VWL,Prog_Pulse,Success/State
chip,device,READ,WL_2,BL_0,1041.5147149556415,0.000960140059127816,-0.0002880420177383448,0.299035311633252,set
chip,device,READ,WL_2,BL_7,16213.10343331142,6.167850616097356e-05,1.8503551848292068e-05,0.3004852606646309,unknown
chip,device,READ,WL_2,BL_15,9755.26144473257,0.00010250878519918683,-3.075263555975605e-05,0.29927926459545257,unknown
chip,device,READ,WL_126,BL_0,1048.8456077340059,0.0009534291726314847,-0.0002860287517894454,0.2990426320715348,set
chip,device,READ,WL_126,BL_7,16477.55896963812,6.068860089304611e-05,1.8206580267913832e-05,0.3002693107667601,unknown
chip,device,READ,WL_126,BL_15,9926.965911207397,0.00010073571410888143,-3.022071423266443e-05,0.29933050882065493,unknown
