Chip_ID,Device_ID,OP,Row,Col,Res,Cond,Meas_I,Meas_V,Prog_VBL,Prog_VSL,Prog_VWL,Prog_Pulse,Success/State
chip,device,READ,WL_2,BL_0,4717.121348626684,0.00021199369829464623,-0.0001059968491473231,0.4996144055177361,set
chip,device,READ,WL_2,BL_7,23662362.156395122,4.2261207625449784e-08,2.1130603812724892e-08,0.4991811277118323,reset
chip,device,READ,WL_2,BL_15,959668.0604907748,1.0420269686672696e-06,-5.210134843336348e-07,0.5005299781733237,reset
chip,device,READ,WL_126,BL_0,4716.8943996965,0.00021200389817171723,-0.00010600194908585861,0.49975989922859987,set
chip,device,READ,WL_126,BL_7,23047704.88760555,4.33882681541004e-08,2.16941340770502e-08,0.49916923216661013,reset
chip,device,READ,WL_126,BL_15,961459.0863604057,1.0400858592802847e-06,-5.200429296401424e-07,0.5002023811622079,reset
