Chip_ID,Device_ID,OP,Row,Col,Res,Cond,Meas_I,Meas_V,Success/State,Prog_VBL,Prog_VSL,Prog_VWL,Prog_Pulse
chip,device,READ,WL_3,BL_0,5065182.304061072,1.974262602943704e-07,5.922787808831112e-08,0.29901616587158997,reset
chip,device,READ,WL_3,BL_7,4467771.359126647,2.2382524073377792e-07,6.714757222013338e-08,0.30053284284551685,reset
chip,device,READ,WL_3,BL_15,2074478.9963117768,4.820487465903021e-07,-1.4461462397709063e-07,0.299289823158337,reset
