Chip_ID,Device_ID,OP,Row,Col,Res,Cond,Meas_I,Meas_V,Prog_VBL,Prog_VSL,Prog_VWL,Prog_Pulse,Success/State
chip,device,READ,WL_2,BL_0,-1037.6749889000723,-0.000963692881390533,-0.0002891078644171599,0.29906276327681064,set
chip,device,READ,WL_2,BL_7,18069.09578814595,5.534311244594984e-05,1.660293373378495e-05,0.30050173141955316,unknown
chip,device,READ,WL_2,BL_15,-9811.832454498797,-0.00010191776150249005,-3.057532845074701e-05,0.2992847550481533,set
chip,device,READ,WL_126,BL_0,-1038.5258126657063,-0.0009629033653320397,-0.0002888710095996119,0.29897125779828,set
chip,device,READ,WL_126,BL_7,19612.638901659564,5.098752926692506e-05,1.5296258780077517e-05,0.30060970636848755,unknown
chip,device,READ,WL_126,BL_15,-10024.994857104339,-9.975067461419568e-05,-2.9925202384258704e-05,0.29919507765404796,set
