Chip_ID,Device_ID,OP,Row,Col,Res,Cond,Meas_I,Meas_V,Success/State,Prog_VBL,Prog_VSL,Prog_VWL,Prog_Pulse
chip,device,READ,WL_3,BL_0,4704827.043637558,2.125476644996594e-07,6.376429934989781e-08,0.2991393463234575,reset
chip,device,READ,WL_3,BL_7,3609848.004747792,2.7701997388387733e-07,8.310599216516319e-08,0.3005504398059039,reset
chip,device,READ,WL_3,BL_15,2011478.149571969,4.971468371221404e-07,-1.491440511366421e-07,0.29965937285931743,reset
