Chip_ID,Device_ID,OP,Row,Col,Res,Cond,Meas_I,Meas_V,Success/State,Prog_VBL,Prog_VSL,Prog_VWL,Prog_Pulse
chip,device,READ,WL_2,BL_0,9372261.390429832,1.0669783506263666e-07,3.2009350518790996e-08,0.29896337424936004,reset
chip,device,READ,WL_2,BL_7,4054772.12933706,2.466229835123919e-07,7.398689505371757e-08,0.3005152458851304,reset
chip,device,READ,WL_2,BL_15,1981391.2395486957,5.046958823880595e-07,-1.5140876471641784e-07,0.29943060399680577,reset
