Chip_ID,Device_ID,OP,Row,Col,Res,Cond,Meas_I,Meas_V,Prog_VBL,Prog_VSL,Prog_VWL,Prog_Pulse,Success/State
chip,device,READ,WL_2,BL_0,1004.3166882468056,0.0009957018654600462,-0.0004978509327300231,0.4997240813698607,set
chip,device,READ,WL_2,BL_7,454852.5042145335,2.1985148828120884e-06,1.0992574414060442e-06,0.4992838738496817,reset
chip,device,READ,WL_2,BL_15,208753.6990886996,4.790334276065208e-06,-2.395167138032604e-06,0.5002546711879235,reset
chip,device,READ,WL_126,BL_0,1004.1943066674093,0.0009958232120620871,-0.0004979116060310436,0.499650876987036,set
chip,device,READ,WL_126,BL_7,434903.19787811214,2.2993622601052115e-06,1.1496811300526058e-06,0.49929563867462545,reset
chip,device,READ,WL_126,BL_15,206933.41260615032,4.832472375562025e-06,-2.4162361877810126e-06,0.5001631636429196,reset
