Chip_ID,Device_ID,OP,Row,Col,Res,Cond,Meas_I,Meas_V,Success/State,Prog_VBL,Prog_VSL,Prog_VWL,Prog_Pulse
chip,device,READ,WL_3,BL_0,7302433.920544552,1.3694064347321458e-07,4.108219304196437e-08,0.29884019379749244,reset
chip,device,READ,WL_3,BL_7,4624790.87492657,2.1622599314090663e-07,6.486779794227198e-08,0.30058563372667807,reset
chip,device,READ,WL_3,BL_15,2250713.6549654715,4.4430352026070646e-07,-1.3329105607821192e-07,0.2995537872304659,reset
