Chip_ID,Device_ID,OP,Row,Col,Res,Cond,Meas_I,Meas_V,Prog_VBL,Prog_VSL,Prog_VWL,Prog_Pulse,Success/State
chip,device,READ,WL_2,BL_0,43205.60884979877,2.31451431103871e-05,-6.943542933116129e-06,0.2989611921956424,unknown
chip,device,READ,WL_2,BL_7,1020046.3046741671,9.803476522758734e-07,-2.94104295682762e-07,0.30028395143780284,reset
chip,device,READ,WL_2,BL_15,191473265.91960078,5.2226612169445e-09,-1.5667983650833499e-09,0.2993680269141062,reset
chip,device,READ,WL_126,BL_0,43205.13869012258,2.314539497656136e-05,-6.943618492968408e-06,0.2988724318814665,unknown
chip,device,READ,WL_126,BL_7,1018825.8474580155,9.815220162454787e-07,-2.944566048736436e-07,0.3003022522766046,reset
chip,device,READ,WL_126,BL_15,200403595.80141318,4.989930425155317e-09,-1.4969791275465951e-09,0.29947600581721234,reset
