Chip_ID,Device_ID,OP,Row,Col,Res,Cond,Meas_I,Meas_V,Prog_VBL,Prog_VSL,Prog_VWL,Prog_Pulse,Success/State
chip,device,READ,WL_2,BL_0,1049.0627848297504,0.0009532317936168972,-0.00028596953808506914,0.2992622452200075,set
chip,device,READ,WL_2,BL_7,20241.406774440242,4.940368083816912e-05,1.4821104251450735e-05,0.3004614695741866,unknown
chip,device,READ,WL_2,BL_15,10701.31932523374,9.344642184837875e-05,-2.8033926554513626e-05,0.2993213580661542,unknown
chip,device,READ,WL_126,BL_0,1044.3055703437794,0.0009575741319380358,-0.00028727223958141074,0.29918904083718284,set
chip,device,READ,WL_126,BL_7,18601.445132858007,5.3759264017265933e-05,1.612777920517978e-05,0.30062983729117015,unknown
chip,device,READ,WL_126,BL_15,10792.330810773708,9.265839025261582e-05,-2.7797517075784745e-05,0.29937443244225725,unknown
