Chip_ID,Device_ID,OP,Row,Col,Res,Cond,Meas_I,Meas_V,Success/State,Prog_VBL,Prog_VSL,Prog_VWL,Prog_Pulse
chip,device,READ,WL_2,BL_0,3563868.2904003877,2.8059398342345967e-07,8.417819502703791e-08,0.29912174911604844,reset
chip,device,READ,WL_2,BL_7,2416588.835164878,4.1380643055556133e-07,1.241419291666684e-07,0.2999873370735173,reset
chip,device,READ,WL_2,BL_15,2888788.029455487,3.4616593180375776e-07,-1.0384977954112733e-07,0.2999937273506813,reset
chip,device,READ,WL_126,BL_0,6920350.782983188,1.445013455761451e-07,4.3350403672843534e-08,0.29903376307899904,reset
chip,device,READ,WL_126,BL_7,3933566.296115184,2.5422223110555084e-07,7.626666933166525e-08,0.3003040823604848,reset
chip,device,READ,WL_126,BL_15,2141553.9030205295,4.669506560584638e-07,-1.4008519681753912e-07,0.2998001536977862,reset
