Chip_ID,Device_ID,OP,Row,Col,Res,Cond,Meas_I,Meas_V,Prog_VBL,Prog_VSL,Prog_VWL,Prog_Pulse,Success/State
chip,device,READ,WL_2,BL_0,1044.3055703437794,0.0009575741319380358,-0.00028727223958141074,0.29909570524908224,set
chip,device,READ,WL_2,BL_7,18398.178358148896,5.435320717809442e-05,1.6305962153428325e-05,0.300441338651504,unknown
chip,device,READ,WL_2,BL_15,11050.78568680981,9.049130336439313e-05,-2.7147391009317937e-05,0.29931586761345413,unknown
chip,device,READ,WL_126,BL_0,1034.708052817842,0.0009664561875948285,-0.00028993685627844856,0.29914877842662974,set
chip,device,READ,WL_126,BL_7,18133.967129117485,5.514513139236436e-05,1.6543539417709306e-05,0.3004303581482223,unknown
chip,device,READ,WL_126,BL_15,10268.355268011735,9.73865798269785e-05,-2.9215973948093548e-05,0.29933782942425563,unknown
