Chip_ID,Device_ID,OP,Row,Col,Res,Cond,Meas_I,Meas_V,Prog_VBL,Prog_VSL,Prog_VWL,Prog_Pulse,Success/State
chip,device,READ,WL_2,BL_0,1791.6705178857353,0.0005581383351555353,-0.00027906916757776764,0.4996381969421537,set
chip,device,READ,WL_2,BL_7,1136900.6790411584,8.795843106043194e-07,-4.3979215530215977e-07,0.49928544249300705,reset
chip,device,READ,WL_2,BL_15,4107079.2166460906,2.4348203364253995e-07,-1.2174101682126997e-07,0.5003753304222662,reset
chip,device,READ,WL_126,BL_0,1791.6258418944165,0.0005581522528959658,-0.0002790761264479829,0.49982486811835614,set
chip,device,READ,WL_126,BL_7,1150546.655740543,8.691520635087636e-07,-4.345760317543818e-07,0.4990923686436401,reset
chip,device,READ,WL_126,BL_15,4289660.081095515,2.3311870430176718e-07,-1.165593521508836e-07,0.500398207308518,reset
