Chip_ID,Device_ID,OP,Row,Col,Res,Cond,Meas_I,Meas_V,Success/State,Prog_VBL,Prog_VSL,Prog_VWL,Prog_Pulse
chip,device,READ,WL_2,BL_0,5485317.404333761,1.8230485608908142e-07,5.469145682672443e-08,0.29915694353086725,reset
chip,device,READ,WL_2,BL_7,3513466.1489533056,2.8461922147674863e-07,8.538576644302459e-08,0.3002336945189371,reset
chip,device,READ,WL_2,BL_15,2289615.9221080337,4.367544749947873e-07,-1.310263424984362e-07,0.29943060399680577,reset
chip,device,READ,WL_126,BL_0,21639298.827170223,4.621221824176686e-08,1.3863665472530058e-08,0.29924492956791665,reset
chip,device,READ,WL_126,BL_7,4624790.87492657,2.1622599314090663e-07,6.486779794227198e-08,0.30028648540009834,reset
chip,device,READ,WL_126,BL_15,1793595.8607863009,5.575391992494934e-07,-1.67261759774848e-07,0.29939540878718857,reset
