Chip_ID,Device_ID,OP,Row,Col,Res,Cond,Meas_I,Meas_V,Success/State,Prog_VBL,Prog_VSL,Prog_VWL,Prog_Pulse
chip,device,READ,WL_2,BL_0,10919840.297748014,9.157643085734769e-08,2.7472929257204305e-08,0.29917454073827765,reset
chip,device,READ,WL_2,BL_7,4467771.359126647,2.2382524073377792e-07,6.714757222013338e-08,0.3004448580435814,reset
chip,device,READ,WL_2,BL_15,2141553.9030205295,4.669506560584638e-07,-1.4008519681753912e-07,0.29951859202084874,reset
