Chip_ID,Device_ID,OP,Row,Col,Res,Cond,Meas_I,Meas_V,Prog_VBL,Prog_VSL,Prog_VWL,Prog_Pulse,Success/State
chip,device,READ,WL_0,BL_0,-1038.9517479767721,-0.0009625086073028648,-0.00028875258219085946,0.29902067075668637,set
chip,device,READ,WL_0,BL_7,19843.79515860973,5.039358610624061e-05,1.5118075831872182e-05,0.3004596394903078,unknown
chip,device,READ,WL_0,BL_15,-9926.965911207397,-0.00010073571410888143,-3.022071423266443e-05,0.29922252991754883,set
chip,device,READ,WL_127,BL_0,-1043.015626997632,-0.0009587584060255604,-0.0002876275218076681,0.2991048557969356,set
chip,device,READ,WL_127,BL_7,19166.1147059501,5.217541558851002e-05,1.5652624676553003e-05,0.30040107680613815,unknown
chip,device,READ,WL_127,BL_15,-10769.43311757969,-9.28553981516103e-05,-2.785661944548309e-05,0.2992518123319517,set
