Chip_ID,Device_ID,OP,Row,Col,Res,Cond,Meas_I,Meas_V,Prog_VBL,Prog_VSL,Prog_VWL,Prog_Pulse,Success/State
chip,device,READ,WL_0,BL_0,-1048.628520539704,-0.000953626551646072,-0.0002860879654938216,0.29902799119496853,set
chip,device,READ,WL_0,BL_7,16585.77266045065,6.029263878580313e-05,1.8087791635740936e-05,0.300379115799576,unknown
chip,device,READ,WL_0,BL_15,-10005.234487240325,-9.99476825131185e-05,-2.998430475393555e-05,0.299339659575155,set
chip,device,READ,WL_127,BL_0,-1037.4625007412178,-0.0009638902604051206,-0.00028916707812153615,0.29886328133361384,set
chip,device,READ,WL_127,BL_7,20571.155404613535,4.861175662382716e-05,1.458352698714815e-05,0.30071585123354316,unknown
chip,device,READ,WL_127,BL_15,-10289.169714005015,-9.718957192812736e-05,-2.9156871578438206e-05,0.29910906056174397,set
