Chip_ID,Device_ID,OP,Row,Col,Res,Cond,Meas_I,Meas_V,Prog_VBL,Prog_VSL,Prog_VWL,Prog_Pulse,Success/State
chip,device,READ,WL_0,BL_0,-1039.378032812682,-0.000962113849273762,-0.0002886341547821286,0.2988980534154553,set
chip,device,READ,WL_0,BL_7,17033.224393095283,5.870879035711921e-05,1.7612637107135762e-05,0.3004779403291095,unknown
chip,device,READ,WL_0,BL_15,-11197.04770943702,-8.930925597085621e-05,-2.679277679125686e-05,0.2993469801787564,set
chip,device,READ,WL_127,BL_0,-1046.678772162269,-0.0009554029627773589,-0.00028662088883320763,0.2991945311658951,set
chip,device,READ,WL_127,BL_7,18465.43854700593,5.415522612443691e-05,1.6246567837331074e-05,0.3004212077288214,unknown
chip,device,READ,WL_127,BL_15,-11074.896756710536,-9.029429546547031e-05,-2.7088288639641094e-05,0.29925913293555106,set
