Chip_ID,Device_ID,OP,Row,Col,Res,Cond,Meas_I,Meas_V,Success/State,Prog_VBL,Prog_VSL,Prog_VWL,Prog_Pulse
chip,device,READ,WL_2,BL_0,6920350.782983188,1.445013455761451e-07,4.3350403672843534e-08,0.2988753882123113,reset
chip,device,READ,WL_2,BL_7,3422097.1836032504,2.9221846906962e-07,8.766554072088598e-08,0.300356873241646,reset
chip,device,READ,WL_2,BL_15,2953189.990683632,3.386168865378386e-07,-1.0158506596135157e-07,0.299536189625658,reset
chip,device,READ,WL_126,BL_0,7302433.920544552,1.3694064347321458e-07,4.108219304196437e-08,0.29922733236050625,reset
chip,device,READ,WL_126,BL_7,3174439.7982976576,3.15016211848234e-07,9.450486355447018e-08,0.30025129147932356,reset
chip,device,READ,WL_126,BL_15,2459671.8722197437,4.065582939311107e-07,-1.2196748817933323e-07,0.2995713848352745,reset
