Chip_ID,Device_ID,OP,Row,Col,Res,Cond,Meas_I,Meas_V,Success/State,Prog_VBL,Prog_VSL,Prog_VWL,Prog_Pulse
chip,device,READ,WL_2,BL_0,10087037.723832102,9.913713295999217e-08,2.974113988799765e-08,0.2991393463234575,reset
chip,device,READ,WL_2,BL_7,3609848.004747792,2.7701997388387733e-07,8.310599216516319e-08,0.3004096641228073,reset
chip,device,READ,WL_2,BL_15,2042492.8719728927,4.895977918562213e-07,-1.4687933755686639e-07,0.299289823158337,reset
chip,device,READ,WL_126,BL_0,7729173.389681787,1.2937994137057007e-07,3.881398241117102e-08,0.2988049993826723,reset
chip,device,READ,WL_126,BL_7,3422097.1836032504,2.9221846906962e-07,8.766554072088598e-08,0.30053284284551685,reset
chip,device,READ,WL_126,BL_15,2141553.9030205295,4.669506560584638e-07,-1.4008519681753912e-07,0.29967697046412606,reset
