Chip_ID,Device_ID,OP,Row,Col,Res,Cond,Meas_I,Meas_V,Success/State,Prog_VBL,Prog_VSL,Prog_VWL,Prog_Pulse
chip,device,READ,WL_2,BL_0,5065182.304061072,1.974262602943704e-07,5.922787808831112e-08,0.29896337424936004,reset
chip,device,READ,WL_2,BL_7,3252910.919936507,3.0741696425536263e-07,9.222508927660879e-08,0.3003744702020331,reset
chip,device,READ,WL_2,BL_15,2329886.648059663,4.2920542972886826e-07,-1.2876162891866046e-07,0.30002892256029784,reset
chip,device,READ,WL_126,BL_0,7302433.920544552,1.3694064347321458e-07,4.108219304196437e-08,0.29903376307899904,reset
chip,device,READ,WL_126,BL_7,4467771.359126647,2.2382524073377792e-07,6.714757222013338e-08,0.30042726108319434,reset
chip,device,READ,WL_126,BL_15,1981391.2395486957,5.046958823880595e-07,-1.5140876471641784e-07,0.29941300639199786,reset
