Chip_ID,Device_ID,OP,Row,Col,Res,Cond,Meas_I,Meas_V,Success/State,Prog_VBL,Prog_VSL,Prog_VWL,Prog_Pulse
chip,device,READ,WL_2,BL_0,5266884.68158191,1.8986555819172593e-07,5.695966745751778e-08,0.29891058262713077,reset
chip,device,READ,WL_2,BL_7,4183684.922139701,2.390237359195206e-07,7.170712077585618e-08,0.3006032306870651,reset
chip,device,READ,WL_2,BL_15,2213111.2586126826,4.518525655266256e-07,-1.3555576965798767e-07,0.29913144471506037,reset
