Chip_ID,Device_ID,OP,Row,Col,Res,Cond,Meas_I,Meas_V,Success/State,Prog_VBL,Prog_VSL,Prog_VWL,Prog_Pulse
chip,device,READ,WL_2,BL_0,5722652.101297858,1.7474415398643696e-07,5.242324619593109e-08,0.29942090164201346,reset
chip,device,READ,WL_2,BL_7,3252910.919936507,3.0741696425536263e-07,9.222508927660879e-08,0.30069121548900124,reset
chip,device,READ,WL_2,BL_15,2176744.6532780603,4.5940161079254466e-07,-1.378204832377634e-07,0.29985294651221195,reset
