Chip_ID,Device_ID,OP,Row,Col,Res,Cond,Meas_I,Meas_V,Success/State,Prog_VBL,Prog_VSL,Prog_VWL,Prog_Pulse
chip,device,READ,WL_2,BL_0,6264771.164330007,1.5962274978114801e-07,4.78868249343444e-08,0.29892817983454056,reset
chip,device,READ,WL_2,BL_7,4793249.290128791,2.0862674554803527e-07,6.258802366441059e-08,0.3006032306870651,reset
chip,device,READ,WL_2,BL_15,2289615.9221080337,4.367544749947873e-07,-1.310263424984362e-07,0.299536189625658,reset
