Chip_ID,Device_ID,OP,Row,Col,Res,Cond,Meas_I,Meas_V,Success/State,Prog_VBL,Prog_VSL,Prog_VWL,Prog_Pulse
chip,device,READ,WL_2,BL_0,4878359.034674698,2.0498696239701488e-07,6.149608871910446e-08,0.29891058262713077,reset
chip,device,READ,WL_2,BL_7,3335359.9351358977,2.9981771666249133e-07,8.994531499874739e-08,0.30014570971700105,reset
chip,device,READ,WL_2,BL_15,3020528.9530935124,3.3106784127191946e-07,-9.932035238157583e-08,0.2997297632785518,reset
chip,device,READ,WL_126,BL_0,11902533.190179821,8.40157287547032e-08,2.520471862641096e-08,0.2985410412715261,reset
chip,device,READ,WL_126,BL_7,4624790.87492657,2.1622599314090663e-07,6.486779794227198e-08,0.3005680367662917,reset
chip,device,READ,WL_126,BL_15,2141553.9030205295,4.669506560584638e-07,-1.4008519681753912e-07,0.29937781118238,reset
