Chip_ID,Device_ID,OP,Row,Col,Res,Cond,Meas_I,Meas_V,Prog_VBL,Prog_VSL,Prog_VWL,Prog_Pulse,Success/State
chip,device,READ,WL_2,BL_0,4716.751419965762,0.00021201032468386025,-0.00010600516234193013,0.49995755106222617,set
chip,device,READ,WL_2,BL_7,25257721.108908765,3.959185374199438e-08,1.979592687099719e-08,0.4991829577957125,reset
chip,device,READ,WL_2,BL_15,951131.2685957318,1.0513795866225898e-06,-5.256897933112949e-07,0.5002902284054119,reset
chip,device,READ,WL_126,BL_0,4716.74617316805,0.00021201056051916824,-0.00010600528025958412,0.49984225415927724,set
chip,device,READ,WL_126,BL_7,22798351.79344209,4.386281995559207e-08,2.1931409977796035e-08,0.4993266193803133,reset
chip,device,READ,WL_126,BL_15,966103.2696951668,1.035086032071425e-06,-5.175430160357125e-07,0.5001648630687553,reset
