Chip_ID,Device_ID,OP,Row,Col,Res,Cond,Meas_I,Meas_V,Success/State,Prog_VBL,Prog_VSL,Prog_VWL,Prog_Pulse
chip,device,READ,WL_2,BL_0,0.0,inf,7.510535250386453e-08,0.29892817983454056,set
chip,device,READ,WL_2,BL_7,0.0,inf,7.854644360944038e-08,0.3006208276474529,set
chip,device,READ,WL_2,BL_15,0.0,inf,-1.197027745995575e-07,0.29958898244008375,set
chip,device,READ,WL_126,BL_0,0.0,inf,8.190998439624456e-08,0.29892817983454056,set
chip,device,READ,WL_126,BL_7,0.0,inf,6.030824938654918e-08,0.30074400637016246,set
chip,device,READ,WL_126,BL_15,0.0,inf,-1.1743806101978175e-07,0.299536189625658,set
