Chip_ID,Device_ID,OP,Row,Col,Res,Cond,Meas_I,Meas_V,Success/State,Prog_VBL,Prog_VSL,Prog_VWL,Prog_Pulse
chip,device,READ,WL_3,BL_0,4251162.582724082,2.3522977080759277e-07,7.056893124227783e-08,0.29917454073827765,reset
chip,device,READ,WL_3,BL_7,3819396.3496514494,2.618214786981346e-07,7.854644360944038e-08,0.3006560215682264,reset
chip,device,READ,WL_3,BL_15,2141553.9030205295,4.669506560584638e-07,-1.4008519681753912e-07,0.29967697046412606,reset
