Chip_ID,Device_ID,OP,Row,Col,Res,Cond,Meas_I,Meas_V,Success/State,Prog_VBL,Prog_VSL,Prog_VWL,Prog_Pulse
chip,device,READ,WL_2,BL_0,9372261.390429832,1.0669783506263666e-07,3.2009350518790996e-08,0.29924492956791665,reset
chip,device,READ,WL_2,BL_7,4183684.922139701,2.390237359195206e-07,7.170712077585618e-08,0.3006384246078393,reset
chip,device,READ,WL_2,BL_15,2329886.648059663,4.2920542972886826e-07,-1.2876162891866046e-07,0.2995537872304659,reset
