Chip_ID,Device_ID,OP,Row,Col,Res,Cond,Meas_I,Meas_V,Prog_VBL,Prog_VSL,Prog_VWL,Prog_Pulse,Success/State
chip,device,READ,WL_2,BL_0,1038.7387366574194,0.0009627059863175242,-0.00028881179589525723,0.29891635451116194,set
chip,device,READ,WL_2,BL_7,17148.885245539823,5.8312828249876215e-05,1.7493848474962863e-05,0.3004321882321031,unknown
chip,device,READ,WL_2,BL_15,10165.53358473629,9.837161932173594e-05,-2.951148579652078e-05,0.2992243600684495,unknown
chip,device,READ,WL_126,BL_0,1033.6525403048859,0.0009674430826678375,-0.00029023292480035123,0.2990225008662569,set
chip,device,READ,WL_126,BL_7,17940.7356152941,5.573907455319285e-05,1.6721722365957854e-05,0.30028761160556317,unknown
chip,device,READ,WL_126,BL_15,9680.840426913237,0.00010329681679494977,-3.098904503848493e-05,0.2992737741427525,unknown
