Chip_ID,Device_ID,OP,Row,Col,Res,Cond,Meas_I,Meas_V,Prog_VBL,Prog_VSL,Prog_VWL,Prog_Pulse,Success/State
chip,device,READ,WL_2,BL_0,1003.9916445328264,0.0009960242253463337,-0.0004980121126731668,0.49979924658436803,set
chip,device,READ,WL_2,BL_7,787943.403941542,1.2691266847310147e-06,6.345633423655074e-07,0.49939067231612216,reset
chip,device,READ,WL_2,BL_15,286113.66418953426,3.495114442830511e-06,-1.7475572214152555e-06,0.5004091882139174,reset
chip,device,READ,WL_126,BL_0,1004.1927105829922,0.0009958247948438522,-0.0004979123974219261,0.4998706208576222,set
chip,device,READ,WL_126,BL_7,875042.1631455414,1.1428020752797427e-06,5.714010376398713e-07,0.499340345009415,reset
chip,device,READ,WL_126,BL_15,277336.58503703354,3.6057269540059676e-06,-1.8028634770029838e-06,0.5004769037972207,reset
