Chip_ID,Device_ID,OP,Row,Col,Res,Cond,Meas_I,Meas_V,Prog_VBL,Prog_VSL,Prog_VWL,Prog_Pulse,Success/State
chip,device,READ,WL_2,BL_0,1010.3033112734552,0.0009898017643231634,-0.000296940529296949,0.29892053761875154,set
chip,device,READ,WL_2,BL_7,177518.08022002425,5.633229013971721e-06,-1.6899687041915162e-06,0.3003563704713499,reset
chip,device,READ,WL_2,BL_15,145581.88296025156,6.868986577629522e-06,-2.0606959732888566e-06,0.2995577089823951,reset
chip,device,READ,WL_126,BL_0,1008.8871914410604,0.000991191094984201,-0.00029735732849526034,0.2988342610247089,set
chip,device,READ,WL_126,BL_7,191016.59419437242,5.235147261511907e-06,-1.5705441784535722e-06,0.30045048907090555,reset
chip,device,READ,WL_126,BL_15,143563.61828157536,6.965553055640266e-06,-2.08966591669208e-06,0.29959561925103906,reset
