Chip_ID,Device_ID,OP,Row,Col,Res,Cond,Meas_I,Meas_V,Success/State,Prog_VBL,Prog_VSL,Prog_VWL,Prog_Pulse
chip,device,READ,WL_4,BL_0,5485317.404333761,1.8230485608908142e-07,5.469145682672443e-08,0.2990689574938192,reset
chip,device,READ,WL_4,BL_7,3933566.296115184,2.5422223110555084e-07,7.626666933166525e-08,0.3004976489247427,reset
chip,device,READ,WL_4,BL_15,2250713.6549654715,4.4430352026070646e-07,-1.3329105607821192e-07,0.29967697046412606,reset
