Chip_ID,Device_ID,OP,Row,Col,Res,Cond,Meas_I,Meas_V,Prog_VBL,Prog_VSL,Prog_VWL,Prog_Pulse,Success/State
chip,device,READ,WL_0,BL_0,-1040.6589887778873,-0.0009609295751861656,-0.00028827887255584967,0.2991817203989007,set
chip,device,READ,WL_0,BL_7,17814.1862817167,5.613503666043583e-05,1.684051099813075e-05,0.30069755039474005,unknown
chip,device,READ,WL_0,BL_15,-11475.500444012805,-8.714216908263353e-05,-2.6142650724790056e-05,0.2992847550481533,set
chip,device,READ,WL_127,BL_0,-1041.086676024737,-0.0009605348171569907,-0.0002881604451470972,0.2990426320715348,set
chip,device,READ,WL_127,BL_7,19766.14001385406,5.0591567159754075e-05,1.5177470147926221e-05,0.30053101276163663,unknown
chip,device,READ,WL_127,BL_15,-11449.615562692941,-8.733917698148467e-05,-2.6201753094445402e-05,0.29930671685895344,set
