Chip_ID,Device_ID,OP,Row,Col,Res,Cond,Meas_I,Meas_V,Success/State,Prog_VBL,Prog_VSL,Prog_VWL,Prog_Pulse
chip,device,READ,WL_2,BL_0,6264771.164330007,1.5962274978114801e-07,4.78868249343444e-08,0.29903376307899904,reset
chip,device,READ,WL_2,BL_7,4321063.890993798,2.314244883266493e-07,6.942734649799479e-08,0.3002160975585494,reset
chip,device,READ,WL_2,BL_15,2213111.2586126826,4.518525655266256e-07,-1.3555576965798767e-07,0.2996241776497003,reset
chip,device,READ,WL_126,BL_0,62619721.74230696,1.5969409830902886e-08,4.7908229492708654e-09,0.2990689574938192,reset
chip,device,READ,WL_126,BL_7,5381291.322113004,1.8582900276942127e-07,5.574870083082638e-08,0.3006384246078393,reset
chip,device,READ,WL_126,BL_15,1952191.1218914008,5.122449276539786e-07,-1.536734782961936e-07,0.29965937285931743,reset
