Chip_ID,Device_ID,OP,Row,Col,Res,Cond,Meas_I,Meas_V,Success/State,Prog_VBL,Prog_VSL,Prog_VWL,Prog_Pulse
chip,device,READ,WL_2,BL_0,7302433.920544552,1.3694064347321458e-07,4.108219304196437e-08,0.29891058262713077,reset
chip,device,READ,WL_2,BL_7,4974443.845602826,2.0102749795516395e-07,6.030824938654918e-08,0.3002336945189371,reset
chip,device,READ,WL_2,BL_15,2250713.6549654715,4.4430352026070646e-07,-1.3329105607821192e-07,0.29971216567374387,reset
chip,device,READ,WL_126,BL_0,7729173.389681787,1.2937994137057007e-07,3.881398241117102e-08,0.29894577704195097,reset
chip,device,READ,WL_126,BL_7,7997759.218120941,1.2503502202645057e-07,3.751050660793517e-08,0.3001985005981623,reset
chip,device,READ,WL_126,BL_15,2141553.9030205295,4.669506560584638e-07,-1.4008519681753912e-07,0.29997612974587207,reset
