Chip_ID,Device_ID,OP,Row,Col,Res,Cond,Meas_I,Meas_V,Prog_VBL,Prog_VSL,Prog_VWL,Prog_Pulse,Success/State
chip,device,READ,WL_2,BL_0,1130.8393960639503,0.0008842988699196758,-0.00026528966097590274,0.29890354374416755,set
chip,device,READ,WL_2,BL_7,103152.24229118778,9.694408747578232e-06,-2.9083226242734693e-06,0.30033153361868875,reset
chip,device,READ,WL_2,BL_15,697784.2796901289,1.4331076653719953e-06,-4.2993229961159857e-07,0.29957757919216743,reset
chip,device,READ,WL_126,BL_0,1130.8444237628582,0.0008842949383545824,-0.00026528848150637473,0.2990645933863812,set
chip,device,READ,WL_126,BL_7,103127.0204764113,9.696779712827391e-06,-2.909033913848217e-06,0.30026016034735986,reset
chip,device,READ,WL_126,BL_15,711822.7871569888,1.4048440398964851e-06,-4.2145321196894556e-07,0.29969287869887357,reset
