Chip_ID,Device_ID,OP,Row,Col,Res,Cond,Meas_I,Meas_V,Success/State,Prog_VBL,Prog_VSL,Prog_VWL,Prog_Pulse
chip,device,READ,WL_2,BL_0,7729173.389681787,1.2937994137057007e-07,3.881398241117102e-08,0.29891058262713077,reset
chip,device,READ,WL_2,BL_7,4793249.290128791,2.0862674554803527e-07,6.258802366441059e-08,0.3006208276474529,reset
chip,device,READ,WL_2,BL_15,2107482.8860985273,4.7449970132438307e-07,-1.423499103973149e-07,0.29958898244008375,reset
