Chip_ID,Device_ID,OP,Row,Col,Res,Cond,Meas_I,Meas_V,Prog_VBL,Prog_VSL,Prog_VWL,Prog_Pulse,Success/State
chip,device,READ,WL_2,BL_0,-1042.8009461960062,-0.0009589557850401477,-0.00028768673551204433,0.29892733516858516,set
chip,device,READ,WL_2,BL_7,17940.7356152941,5.573907455319285e-05,1.6721722365957854e-05,0.3003608149607736,unknown
chip,device,READ,WL_2,BL_15,-10838.419551527115,-9.226437445477018e-05,-2.7679312336431052e-05,0.2992060585594487,set
chip,device,READ,WL_126,BL_0,-1041.5147149556415,-0.000960140059127816,-0.0002880420177383448,0.29891452440159144,set
chip,device,READ,WL_126,BL_7,18133.967129117485,5.514513139236436e-05,1.6543539417709306e-05,0.30038277596733637,unknown
chip,device,READ,WL_126,BL_15,-10415.850266415362,-9.600752453444708e-05,-2.8802257360334124e-05,0.2991291922216448,set
