Chip_ID,Device_ID,OP,Row,Col,Res,Cond,Meas_I,Meas_V,Success/State,Prog_VBL,Prog_VSL,Prog_VWL,Prog_Pulse
chip,device,READ,WL_3,BL_0,4878359.034674698,2.0498696239701488e-07,6.149608871910446e-08,0.2992097351530965,reset
chip,device,READ,WL_3,BL_7,4793249.290128791,2.0862674554803527e-07,6.258802366441059e-08,0.3006560215682264,reset
chip,device,READ,WL_3,BL_15,2371599.332650138,4.21656384462949e-07,-1.264969153388847e-07,0.29937781118238,reset
