Chip_ID,Device_ID,OP,Row,Col,Res,Cond,Meas_I,Meas_V,Success/State,Prog_VBL,Prog_VSL,Prog_VWL,Prog_Pulse
chip,device,READ,WL_2,BL_0,6576262.882598064,1.5206204767850355e-07,4.561861430355106e-08,0.2992097351530965,reset
chip,device,READ,WL_2,BL_7,3819396.3496514494,2.618214786981346e-07,7.854644360944038e-08,0.3003744702020331,reset
chip,device,READ,WL_2,BL_15,2250713.6549654715,4.4430352026070646e-07,-1.3329105607821192e-07,0.2993250183679542,reset
