Chip_ID,Device_ID,OP,Row,Col,Res,Cond,Meas_I,Meas_V,Success/State,Prog_VBL,Prog_VSL,Prog_VWL,Prog_Pulse
chip,device,READ,WL_2,BL_0,5981453.240330806,1.671834518837925e-07,5.0155035565137745e-08,0.29884019379749244,reset
chip,device,READ,WL_2,BL_7,3174439.7982976576,3.15016211848234e-07,9.450486355447018e-08,0.30032167932087184,reset
chip,device,READ,WL_2,BL_15,2371599.332650138,4.21656384462949e-07,-1.264969153388847e-07,0.29967697046412606,reset
