Chip_ID,Device_ID,OP,Row,Col,Res,Cond,Meas_I,Meas_V,Success/State,Prog_VBL,Prog_VSL,Prog_VWL,Prog_Pulse
chip,device,READ,WL_2,BL_0,3140728.23763765,3.183974939366821e-07,9.551924818100462e-08,0.29908655470122825,reset
chip,device,READ,WL_2,BL_7,2608177.825563964,3.83409440184076e-07,1.1502283205522279e-07,0.3006384246078393,reset
chip,device,READ,WL_2,BL_15,4031797.2797235376,2.4802834334680896e-07,-7.440850300404269e-08,0.2996241776497003,reset
chip,device,READ,WL_126,BL_0,5981453.240330806,1.671834518837925e-07,5.0155035565137745e-08,0.2990513602864088,reset
chip,device,READ,WL_126,BL_7,7997759.218120941,1.2503502202645057e-07,3.751050660793517e-08,0.3005152458851304,reset
chip,device,READ,WL_126,BL_15,2414832.8352234433,4.1410733919702995e-07,-1.2423220175910898e-07,0.29927222555352845,reset
