Chip_ID,Device_ID,OP,Row,Col,Res,Cond,Meas_I,Meas_V,Success/State,Prog_VBL,Prog_VSL,Prog_VWL,Prog_Pulse
chip,device,READ,WL_2,BL_0,0.0,inf,7.283714187315699e-08,0.29908655470122825,set
chip,device,READ,WL_2,BL_7,0.0,inf,7.398689505371757e-08,0.30039206716242084,set
chip,device,READ,WL_2,BL_15,0.0,inf,-1.1290863386023028e-07,0.2992018351342941,set
chip,device,READ,WL_126,BL_0,0.0,inf,6.603250998069116e-08,0.29917454073827765,set
chip,device,READ,WL_126,BL_7,0.0,inf,7.170712077585618e-08,0.3005680367662917,set
chip,device,READ,WL_126,BL_15,0.0,inf,-1.2196748817933323e-07,0.299289823158337,set
