Chip_ID,Device_ID,OP,Row,Col,Res,Cond,Meas_I,Meas_V,Prog_VBL,Prog_VSL,Prog_VWL,Prog_Pulse,Success/State
chip,device,READ,WL_0,BL_0,-1040.2316527817688,-0.0009613243332154121,-0.00028839729996462364,0.29904446218110464,set
chip,device,READ,WL_0,BL_7,21086.42743889926,4.7423870302242216e-05,1.4227161090672664e-05,0.30064813812997393,unknown
chip,device,READ,WL_0,BL_15,-11123.435919197947,-8.990027966755301e-05,-2.69700839002659e-05,0.29935064048055643,set
chip,device,READ,WL_127,BL_0,-1039.5913064369195,-0.0009619164702592462,-0.00028857494107777386,0.2989804083461333,set
chip,device,READ,WL_127,BL_7,20322.848864620853,4.9205699784583633e-05,1.476170993537509e-05,0.3004157174771809,unknown
chip,device,READ,WL_127,BL_15,-10226.977997108776,-9.77805956248958e-05,-2.9334178687468743e-05,0.29927926459545257,set
