Chip_ID,Device_ID,OP,Row,Col,Res,Cond,Meas_I,Meas_V,Success/State,Prog_VBL,Prog_VSL,Prog_VWL,Prog_Pulse
chip,device,READ,WL_2,BL_0,6576262.882598064,1.5206204767850355e-07,4.561861430355106e-08,0.2992097351530965,reset
chip,device,READ,WL_2,BL_7,3609848.004747792,2.7701997388387733e-07,8.310599216516319e-08,0.3003040823604848,reset
chip,device,READ,WL_2,BL_15,2042492.8719728927,4.895977918562213e-07,-1.4687933755686639e-07,0.29944820160161434,reset
chip,device,READ,WL_126,BL_0,5065182.304061072,1.974262602943704e-07,5.922787808831112e-08,0.29892817983454056,reset
chip,device,READ,WL_126,BL_7,3819396.3496514494,2.618214786981346e-07,7.854644360944038e-08,0.30012811275661394,reset
chip,device,READ,WL_126,BL_15,2141553.9030205295,4.669506560584638e-07,-1.4008519681753912e-07,0.29967697046412606,reset
