Chip_ID,Device_ID,OP,Row,Col,Res,Cond,Meas_I,Meas_V,Success/State,Prog_VBL,Prog_VSL,Prog_VWL,Prog_Pulse
chip,device,READ,WL_3,BL_0,8208883.966190511,1.218192392679256e-07,3.654577178037768e-08,0.29912174911604844,reset
chip,device,READ,WL_3,BL_7,4321063.890993798,2.314244883266493e-07,6.942734649799479e-08,0.3004448580435814,reset
chip,device,READ,WL_3,BL_15,2289615.9221080337,4.367544749947873e-07,-1.310263424984362e-07,0.29937781118238,reset
