Chip_ID,Device_ID,OP,Row,Col,Res,Cond,Meas_I,Meas_V,Success/State,Prog_VBL,Prog_VSL,Prog_VWL,Prog_Pulse
chip,device,READ,WL_2,BL_0,7729173.389681787,1.2937994137057007e-07,3.881398241117102e-08,0.2989985686641795,reset
chip,device,READ,WL_2,BL_7,4054772.12933706,2.466229835123919e-07,7.398689505371757e-08,0.3005152458851304,reset
chip,device,READ,WL_2,BL_15,2604769.303560188,3.8391115813335334e-07,-1.15173347440006e-07,0.29943060399680577,reset
