Chip_ID,Device_ID,OP,Row,Col,Res,Cond,Meas_I,Meas_V,Success/State,Prog_VBL,Prog_VSL,Prog_VWL,Prog_Pulse
chip,device,READ,WL_2,BL_0,6264771.164330007,1.5962274978114801e-07,4.78868249343444e-08,0.2989985686641795,reset
chip,device,READ,WL_2,BL_7,4624790.87492657,2.1622599314090663e-07,6.486779794227198e-08,0.30032167932087184,reset
chip,device,READ,WL_2,BL_15,1843518.0961192746,5.424411087176552e-07,-1.6273233261529653e-07,0.29927222555352845,reset
chip,device,READ,WL_126,BL_0,4704827.043637558,2.125476644996594e-07,6.376429934989781e-08,0.29884019379749244,reset
chip,device,READ,WL_126,BL_7,3028332.714136525,3.302147070339767e-07,9.9064412110193e-08,0.30048005196435557,reset
chip,device,READ,WL_126,BL_15,2711400.6737973075,3.688130676015151e-07,-1.1064392028045454e-07,0.29946579920642297,reset
