Chip_ID,Device_ID,OP,Row,Col,Res,Cond,Meas_I,Meas_V,Success/State,Prog_VBL,Prog_VSL,Prog_VWL,Prog_Pulse
chip,device,READ,WL_2,BL_0,6576262.882598064,1.5206204767850355e-07,4.561861430355106e-08,0.29912174911604844,reset
chip,device,READ,WL_2,BL_7,4321063.890993798,2.314244883266493e-07,6.942734649799479e-08,0.3004448580435814,reset
chip,device,READ,WL_2,BL_15,2141553.9030205295,4.669506560584638e-07,-1.4008519681753912e-07,0.29946579920642297,reset
