Chip_ID,Device_ID,OP,Row,Col,Res,Cond,Meas_I,Meas_V,Prog_VBL,Prog_VSL,Prog_VWL,Prog_Pulse,Success/State
chip,device,READ,WL_2,BL_0,1003.9815401635248,0.0009960342496308486,-0.0004980171248154243,0.49982865905961005,set
chip,device,READ,WL_2,BL_7,359406.07315662235,2.7823681197624587e-06,1.3911840598812294e-06,0.4990485773507916,reset
chip,device,READ,WL_2,BL_15,218861.039312312,4.569109253716977e-06,-2.2845546268584887e-06,0.5003644802419304,reset
chip,device,READ,WL_126,BL_0,1004.1251476626968,0.0009958917992719345,-0.0004979458996359672,0.4998665684721447,set
chip,device,READ,WL_126,BL_7,393156.08538990456,2.5435190682811645e-06,1.2717595341405823e-06,0.49924465776653204,reset
chip,device,READ,WL_126,BL_15,218106.7399241568,4.584911041023924e-06,-2.292455520511962e-06,0.5004834400504352,reset
