Chip_ID,Device_ID,OP,Row,Col,Res,Cond,Meas_I,Meas_V,Success/State,Prog_VBL,Prog_VSL,Prog_VWL,Prog_Pulse
chip,device,READ,WL_2,BL_0,5981453.240330806,1.671834518837925e-07,5.0155035565137745e-08,0.29903376307899904,reset
chip,device,READ,WL_2,BL_7,3513466.1489533056,2.8461922147674863e-07,8.538576644302459e-08,0.3006208276474529,reset
chip,device,READ,WL_2,BL_15,2414832.8352234433,4.1410733919702995e-07,-1.2423220175910898e-07,0.29960658004489166,reset
chip,device,READ,WL_126,BL_0,5981453.240330806,1.671834518837925e-07,5.0155035565137745e-08,0.29908655470122825,reset
chip,device,READ,WL_126,BL_7,4321063.890993798,2.314244883266493e-07,6.942734649799479e-08,0.30025129147932356,reset
chip,device,READ,WL_126,BL_15,2176744.6532780603,4.5940161079254466e-07,-1.378204832377634e-07,0.29994093453625553,reset
