Chip_ID,Device_ID,OP,Row,Col,Res,Cond,Meas_I,Meas_V,Prog_VBL,Prog_VSL,Prog_VWL,Prog_Pulse,Success/State
chip,device,READ,WL_0,BL_0,-1038.1002264497804,-0.0009632981233612865,-0.00028898943700838593,0.2990115202088337,set
chip,device,READ,WL_0,BL_7,18069.09578814595,5.534311244594984e-05,1.660293373378495e-05,0.30027846118616164,unknown
chip,device,READ,WL_0,BL_15,-10884.903625274213,-9.187035865692453e-05,-2.756110759707736e-05,0.2990742876946417,set
chip,device,READ,WL_127,BL_0,-1046.2464789684702,-0.0009557977208066056,-0.00028673931624198165,0.2989987094418393,set
chip,device,READ,WL_127,BL_7,17627.6746585825,5.6728979821120286e-05,1.7018693946336086e-05,0.3004614695741866,unknown
chip,device,READ,WL_127,BL_15,-11246.665904002597,-8.891524017301057e-05,-2.667457205190317e-05,0.2991438334288449,set
