Chip_ID,Device_ID,OP,Row,Col,Res,Cond,Meas_I,Meas_V,Success/State,Prog_VBL,Prog_VSL,Prog_VWL,Prog_Pulse
chip,device,READ,WL_2,BL_0,6576262.882598064,1.5206204767850355e-07,4.561861430355106e-08,0.2990689574938192,reset
chip,device,READ,WL_2,BL_7,2773065.8966273833,3.60611697405462e-07,1.0818350922163859e-07,0.3003744702020331,reset
chip,device,READ,WL_2,BL_15,2250713.6549654715,4.4430352026070646e-07,-1.3329105607821192e-07,0.2997473608833604,reset
chip,device,READ,WL_126,BL_0,5981453.240330806,1.671834518837925e-07,5.0155035565137745e-08,0.2989809714567698,reset
chip,device,READ,WL_126,BL_7,3099665.470874789,3.226154594411053e-07,9.678463783233157e-08,0.3002688884397106,reset
chip,device,READ,WL_126,BL_15,2371599.332650138,4.21656384462949e-07,-1.264969153388847e-07,0.29960658004489166,reset
