Chip_ID,Device_ID,OP,Row,Col,Res,Cond,Meas_I,Meas_V,Success/State,Prog_VBL,Prog_VSL,Prog_VWL,Prog_Pulse
chip,device,READ,WL_2,BL_0,3994389.081451466,2.5035117501288177e-07,7.510535250386453e-08,0.2991921379456868,reset
chip,device,READ,WL_2,BL_7,2832761.282300586,3.530124498128782e-07,1.0590373494386345e-07,0.30074400637016246,reset
chip,device,READ,WL_2,BL_15,3091010.5142127597,3.2351879600600033e-07,-9.70556388018001e-08,0.29925462794872054,reset
chip,device,READ,WL_126,BL_0,8208883.966190511,1.218192392679256e-07,3.654577178037768e-08,0.29924492956791665,reset
chip,device,READ,WL_126,BL_7,4321063.890993798,2.314244883266493e-07,6.942734649799479e-08,0.3004624550039692,reset
chip,device,READ,WL_126,BL_15,1952191.1218914008,5.122449276539786e-07,-1.536734782961936e-07,0.2998177513025954,reset
