Chip_ID,Device_ID,OP,Row,Col,Res,Cond,Meas_I,Meas_V,Prog_VBL,Prog_VSL,Prog_VWL,Prog_Pulse,Success/State
chip,device,READ,WL_2,BL_0,1009.1002516817058,0.0009909818160618433,-0.000297294544818553,0.29898589867484493,set
chip,device,READ,WL_2,BL_7,317526.94050914835,3.149339071502151e-06,9.448017214506452e-07,0.3001521853984235,reset
chip,device,READ,WL_2,BL_15,144144.95469468943,6.93746098930816e-06,-2.081238296792448e-06,0.2996544455299706,reset
chip,device,READ,WL_126,BL_0,1009.3384843510164,0.0009907479160897934,-0.000297224374826938,0.2987992274986418,set
chip,device,READ,WL_126,BL_7,322601.45722450357,3.0998000089754207e-06,9.299400026926262e-07,0.3003150628637665,reset
chip,device,READ,WL_126,BL_15,161931.1601817957,6.175463690109595e-06,-1.8526391070328784e-06,0.29947326059086266,reset
