Chip_ID,Device_ID,OP,Row,Col,Res,Cond,Meas_I,Meas_V,Success/State,Prog_VBL,Prog_VSL,Prog_VWL,Prog_Pulse
chip,device,READ,WL_3,BL_0,5266884.68158191,1.8986555819172593e-07,5.695966745751778e-08,0.2991921379456868,reset
chip,device,READ,WL_3,BL_7,4974443.845602826,2.0102749795516395e-07,6.030824938654918e-08,0.3002160975585494,reset
chip,device,READ,WL_3,BL_15,2250713.6549654715,4.4430352026070646e-07,-1.3329105607821192e-07,0.29911384711025113,reset
