Chip_ID,Device_ID,OP,Row,Col,Res,Cond,Meas_I,Meas_V,Prog_VBL,Prog_VSL,Prog_VWL,Prog_Pulse,Success/State
chip,device,READ,WL_2,BL_0,72023.5705096015,1.3884343596471512e-05,-6.942171798235756e-06,0.49970957121540854,reset
chip,device,READ,WL_2,BL_7,307523235.87408334,3.251786802898543e-09,1.6258934014492714e-09,0.4993961625677627,reset
chip,device,READ,WL_2,BL_15,1008944.6952269463,9.911346030468655e-07,-4.955673015234327e-07,0.5001996359358569,reset
chip,device,READ,WL_126,BL_0,72021.37178358153,1.3884767468813564e-05,-6.942383734406782e-06,0.4999813424866438,reset
chip,device,READ,WL_126,BL_7,336287284.4276308,2.973647967992678e-09,1.4868239839963389e-09,0.4993870121483611,reset
chip,device,READ,WL_126,BL_15,979937.3683145232,1.0204733815998712e-06,-5.102366907999356e-07,0.5002078716149067,reset
