Chip_ID,Device_ID,OP,Row,Col,Res,Cond,Meas_I,Meas_V,Success/State,Prog_VBL,Prog_VSL,Prog_VWL,Prog_Pulse
chip,device,READ,WL_3,BL_0,5981453.240330806,1.671834518837925e-07,5.0155035565137745e-08,0.29910415190863804,reset
chip,device,READ,WL_3,BL_7,4054772.12933706,2.466229835123919e-07,7.398689505371757e-08,0.30070881244938763,reset
chip,device,READ,WL_3,BL_15,2371599.332650138,4.21656384462949e-07,-1.264969153388847e-07,0.2994833968112322,reset
