Chip_ID,Device_ID,OP,Row,Col,Res,Cond,Meas_I,Meas_V,Success/State,Prog_VBL,Prog_VSL,Prog_VWL,Prog_Pulse
chip,device,READ,WL_2,BL_0,5485317.404333761,1.8230485608908142e-07,5.469145682672443e-08,0.29922733236050625,reset
chip,device,READ,WL_2,BL_7,4321063.890993798,2.314244883266493e-07,6.942734649799479e-08,0.3005504398059039,reset
chip,device,READ,WL_2,BL_15,2250713.6549654715,4.4430352026070646e-07,-1.3329105607821192e-07,0.29976495848816964,reset
