Chip_ID,Device_ID,OP,Row,Col,Res,Cond,Meas_I,Meas_V,Success/State,Prog_VBL,Prog_VSL,Prog_VWL,Prog_Pulse
chip,device,READ,WL_2,BL_0,14514983.73110187,6.889432454941424e-08,2.0668297364824273e-08,0.29910415190863804,reset
chip,device,READ,WL_2,BL_7,4624790.87492657,2.1622599314090663e-07,6.486779794227198e-08,0.30058563372667807,reset
chip,device,READ,WL_2,BL_15,2250713.6549654715,4.4430352026070646e-07,-1.3329105607821192e-07,0.29960658004489166,reset
chip,device,READ,WL_126,BL_0,42498735.35766225,2.3530111933547366e-08,7.05903358006421e-09,0.2992097351530965,reset
chip,device,READ,WL_126,BL_7,5381291.322113004,1.8582900276942127e-07,5.574870083082638e-08,0.30039206716242084,reset
chip,device,READ,WL_126,BL_15,1923839.1595473613,5.197939729198977e-07,-1.5593819187596932e-07,0.29944820160161434,reset
