Chip_ID,Device_ID,OP,Row,Col,Res,Cond,Meas_I,Meas_V,Prog_VBL,Prog_VSL,Prog_VWL,Prog_Pulse,Success/State
chip,device,READ,WL_2,BL_0,1004.7553785291731,0.0009952671280683918,-0.0004976335640341959,0.4997480035163911,set
chip,device,READ,WL_2,BL_7,701668.3482818507,1.4251747316929187e-06,7.125873658464594e-07,0.49921040905391645,reset
chip,device,READ,WL_2,BL_15,256850.22879592265,3.893319483061618e-06,-1.946659741530809e-06,0.5004732434954205,reset
chip,device,READ,WL_126,BL_0,1004.5839029770191,0.0009954370133112476,-0.0004977185066556238,0.49964094210650917,set
chip,device,READ,WL_126,BL_7,740265.798321415,1.3508661379028231e-06,6.754330689514116e-07,0.499139950824526,reset
chip,device,READ,WL_126,BL_15,251608.06965806574,3.974435324586352e-06,-1.987217662293176e-06,0.5002838228772621,reset
