Chip_ID,Device_ID,OP,Row,Col,Res,Cond,Meas_I,Meas_V,Success/State,Prog_VBL,Prog_VSL,Prog_VWL,Prog_Pulse
chip,device,READ,WL_3,BL_0,4543216.668391437,2.2010836660230385e-07,6.603250998069116e-08,0.2992097351530965,reset
chip,device,READ,WL_3,BL_7,4054772.12933706,2.466229835123919e-07,7.398689505371757e-08,0.30048005196435557,reset
chip,device,READ,WL_3,BL_15,2329886.648059663,4.2920542972886826e-07,-1.2876162891866046e-07,0.2993250183679542,reset
