Chip_ID,Device_ID,OP,Row,Col,Res,Cond,Meas_I,Meas_V,Success/State,Prog_VBL,Prog_VSL,Prog_VWL,Prog_Pulse
chip,device,READ,WL_2,BL_0,4878359.034674698,2.0498696239701488e-07,6.149608871910446e-08,0.29903376307899904,reset
chip,device,READ,WL_2,BL_7,2832761.282300586,3.530124498128782e-07,1.0590373494386345e-07,0.300356873241646,reset
chip,device,READ,WL_2,BL_15,2554538.0892270245,3.914602033992725e-07,-1.1743806101978175e-07,0.2994833968112322,reset
chip,device,READ,WL_126,BL_0,9372261.390429832,1.0669783506263666e-07,3.2009350518790996e-08,0.2990689574938192,reset
chip,device,READ,WL_126,BL_7,2960209.2699356014,3.37813954626848e-07,1.0134418638805439e-07,0.3004096641228073,reset
chip,device,READ,WL_126,BL_15,2042492.8719728927,4.895977918562213e-07,-1.4687933755686639e-07,0.29944820160161434,reset
