Chip_ID,Device_ID,OP,Row,Col,Res,Cond,Meas_I,Meas_V,Success/State,Prog_VBL,Prog_VSL,Prog_VWL,Prog_Pulse
chip,device,READ,WL_2,BL_0,6576262.882598064,1.5206204767850355e-07,4.561861430355106e-08,0.2992097351530965,reset
chip,device,READ,WL_2,BL_7,3933566.296115184,2.5422223110555084e-07,7.626666933166525e-08,0.30053284284551685,reset
chip,device,READ,WL_2,BL_15,2213111.2586126826,4.518525655266256e-07,-1.3555576965798767e-07,0.2993074207631463,reset
