Chip_ID,Device_ID,OP,Row,Col,Res,Cond,Meas_I,Meas_V,Prog_VBL,Prog_VSL,Prog_VWL,Prog_Pulse,Success/State
chip,device,READ,WL_2,BL_0,1044.9517392544874,0.0009569819948942734,-0.00028709459846828204,0.29909753535865213,set
chip,device,READ,WL_2,BL_7,16750.784745441615,5.9698695625118675e-05,1.7909608687535604e-05,0.3005859152780446,unknown
chip,device,READ,WL_2,BL_15,10523.824961850349,9.502248503990466e-05,-2.85067455119714e-05,0.29942201636565896,unknown
chip,device,READ,WL_126,BL_0,1044.090358258177,0.0009577715109526233,-0.000287331453285787,0.29906825360552225,set
chip,device,READ,WL_126,BL_7,17877.23699705821,5.593705560677833e-05,1.67811166820335e-05,0.3005676144392415,unknown
chip,device,READ,WL_126,BL_15,9869.063404745679,0.00010132673780564991,-3.039802134169497e-05,0.29923717112475023,unknown
