Chip_ID,Device_ID,OP,Row,Col,Res,Cond,Meas_I,Meas_V,Prog_VBL,Prog_VSL,Prog_VWL,Prog_Pulse,Success/State
chip,device,READ,WL_2,BL_0,992.1141920540963,0.0010079484881972878,0.0007055639417381014,0.29881020815606635,set
chip,device,READ,WL_2,BL_7,71196.22689465764,1.40456881441148e-05,9.83198170088036e-06,0.3004266979804626,reset
chip,device,READ,WL_2,BL_15,44470.890757394576,2.24866195160195e-05,-1.5740633661213648e-05,0.2989901007532378,unknown
chip,device,READ,WL_126,BL_0,992.614016516089,0.0010074409421598081,0.0007052086595118656,0.29894563626429116,set
chip,device,READ,WL_126,BL_7,120831.98259092377,8.275954582202763e-06,5.793168207541934e-06,0.30052735259387564,reset
chip,device,READ,WL_126,BL_15,38288.9529889634,2.6117193653434323e-05,-1.8282035557404025e-05,0.2991822665977478,unknown
