Chip_ID,Device_ID,OP,Row,Col,Res,Cond,Meas_I,Meas_V,Success/State,Prog_VBL,Prog_VSL,Prog_VWL,Prog_Pulse
chip,device,READ,WL_2,BL_0,16304270.970916161,6.133362244676976e-08,1.8400086734030927e-08,0.2990689574938192,reset
chip,device,READ,WL_2,BL_7,3933566.296115184,2.5422223110555084e-07,7.626666933166525e-08,0.30028648540009834,reset
chip,device,READ,WL_2,BL_15,2107482.8860985273,4.7449970132438307e-07,-1.423499103973149e-07,0.29978255609297755,reset
chip,device,READ,WL_126,BL_0,10087037.723832102,9.913713295999217e-08,2.974113988799765e-08,0.2989809714567698,reset
chip,device,READ,WL_126,BL_7,6133792.991947595,1.6303125999080727e-07,4.890937799724218e-08,0.3004448580435814,reset
chip,device,READ,WL_126,BL_15,1981391.2395486957,5.046958823880595e-07,-1.5140876471641784e-07,0.29965937285931743,reset
