Chip_ID,Device_ID,OP,Row,Col,Res,Cond,Meas_I,Meas_V,Success/State,Prog_VBL,Prog_VSL,Prog_VWL,Prog_Pulse
chip,device,READ,WL_2,BL_0,13079584.741379103,7.645502665205873e-08,2.2936507995617618e-08,0.29908655470122825,reset
chip,device,READ,WL_2,BL_7,6433681.096774051,1.5543201239822344e-07,4.662960371946703e-08,0.3006032306870651,reset
chip,device,READ,WL_2,BL_15,1793595.8607863009,5.575391992494934e-07,-1.67261759774848e-07,0.29976495848816964,reset
chip,device,READ,WL_126,BL_0,2868285.718166797,3.4864030234726e-07,1.04592090704178e-07,0.29922733236050625,reset
chip,device,READ,WL_126,BL_7,2557487.931241197,3.910086877769473e-07,1.1730260633308418e-07,0.3004624550039692,reset
chip,device,READ,WL_126,BL_15,3409215.481720121,2.9332261494232377e-07,-8.799678448269713e-08,0.2998177513025954,reset
