Chip_ID,Device_ID,OP,Row,Col,Res,Cond,Meas_I,Meas_V,Prog_VBL,Prog_VSL,Prog_VWL,Prog_Pulse,Success/State
chip,device,READ,WL_2,BL_0,987.9684817821017,0.0010121780385100908,0.0007085246269570635,0.29903714174282253,set
chip,device,READ,WL_2,BL_7,93139.561147703,1.0736576248348169e-05,7.5156033738437184e-06,0.30048160049687056,reset
chip,device,READ,WL_2,BL_15,49695.55329054518,2.0122524728792082e-05,-1.4085767310154456e-05,0.2992390012756503,unknown
chip,device,READ,WL_126,BL_0,990.6177343135088,0.0010094711263098808,0.0007066297884169166,0.2991432880979181,set
chip,device,READ,WL_126,BL_7,85071.88706005516,1.175476452396155e-05,8.228335166773084e-06,0.3004065670577793,reset
chip,device,READ,WL_126,BL_15,45671.28514137913,2.189559581922032e-05,-1.5326917073454223e-05,0.29902304346944003,unknown
