Chip_ID,Device_ID,OP,Row,Col,Res,Cond,Meas_I,Meas_V,Success/State,Prog_VBL,Prog_VSL,Prog_VWL,Prog_Pulse
chip,device,READ,WL_2,BL_0,3877293.3266352476,2.579118771155263e-07,7.737356313465787e-08,0.29924492956791665,reset
chip,device,READ,WL_2,BL_7,2461797.9246611446,4.0620718296269e-07,1.2186215488880698e-07,0.3002336945189371,reset
chip,device,READ,WL_2,BL_15,2768058.6445750487,3.61264022335596e-07,-1.083792067006788e-07,0.29969456806893463,reset
chip,device,READ,WL_126,BL_0,5266884.68158191,1.8986555819172593e-07,5.695966745751778e-08,0.2989809714567698,reset
chip,device,READ,WL_126,BL_7,2895083.31926437,3.454132022197193e-07,1.0362396066591579e-07,0.30048005196435557,reset
chip,device,READ,WL_126,BL_15,2459671.8722197437,4.065582939311107e-07,-1.2196748817933323e-07,0.2998177513025954,reset
