Chip_ID,Device_ID,OP,Row,Col,Res,Cond,Meas_I,Meas_V,Success/State,Prog_VBL,Prog_VSL,Prog_VWL,Prog_Pulse
chip,device,READ,WL_3,BL_0,5065182.304061072,1.974262602943704e-07,5.922787808831112e-08,0.29959687371611093,reset
chip,device,READ,WL_3,BL_7,4054772.12933706,2.466229835123919e-07,7.398689505371757e-08,0.3003040823604848,reset
chip,device,READ,WL_3,BL_15,2042492.8719728927,4.895977918562213e-07,-1.4687933755686639e-07,0.2996417752545095,reset
