Chip_ID,Device_ID,OP,Row,Col,Res,Cond,Meas_I,Meas_V,Success/State,Prog_VBL,Prog_VSL,Prog_VWL,Prog_Pulse
chip,device,READ,WL_3,BL_0,6920350.782983188,1.445013455761451e-07,4.3350403672843534e-08,0.2991921379456868,reset
chip,device,READ,WL_3,BL_7,5169875.641882674,1.934282503622926e-07,5.802847510868778e-08,0.30048005196435557,reset
chip,device,READ,WL_3,BL_15,2371599.332650138,4.21656384462949e-07,-1.264969153388847e-07,0.29927222555352845,reset
