Chip_ID,Device_ID,OP,Row,Col,Res,Cond,Meas_I,Meas_V,Prog_VBL,Prog_VSL,Prog_VWL,Prog_Pulse,Success/State
chip,device,READ,WL_2,BL_0,1130.9339242842484,0.0008842249564959203,-0.0002652674869487761,0.2987589650880881,set
chip,device,READ,WL_2,BL_7,103312.26738884361,9.679392634334798e-06,-2.903817790300439e-06,0.30041754756106104,reset
chip,device,READ,WL_2,BL_15,727267.325392614,1.3750102130054471e-06,-4.1250306390163414e-07,0.2994952224016628,reset
chip,device,READ,WL_126,BL_0,1130.9580616816183,0.0008842060849834722,-0.00026526182549504166,0.2990426320715348,set
chip,device,READ,WL_126,BL_7,103396.69071642763,9.671489416837983e-06,-2.9014468250513948e-06,0.30032421328316805,reset
chip,device,READ,WL_126,BL_15,721499.8766730743,1.3860016229124312e-06,-4.158004868737294e-07,0.2994567892327612,reset
