Chip_ID,Device_ID,OP,Row,Col,Res,Cond,Meas_I,Meas_V,Success/State,Prog_VBL,Prog_VSL,Prog_VWL,Prog_Pulse
chip,device,READ,WL_2,BL_0,6264771.164330007,1.5962274978114801e-07,4.78868249343444e-08,0.29917454073827765,reset
chip,device,READ,WL_2,BL_7,3422097.1836032504,2.9221846906962e-07,8.766554072088598e-08,0.3001985005981623,reset
chip,device,READ,WL_2,BL_15,2250713.6549654715,4.4430352026070646e-07,-1.3329105607821192e-07,0.299536189625658,reset
chip,device,READ,WL_126,BL_0,8752081.243202388,1.1425853716528113e-07,3.427756114958434e-08,0.2990689574938192,reset
chip,device,READ,WL_126,BL_7,3422097.1836032504,2.9221846906962e-07,8.766554072088598e-08,0.3002160975585494,reset
chip,device,READ,WL_126,BL_15,2107482.8860985273,4.7449970132438307e-07,-1.423499103973149e-07,0.29951859202084874,reset
