Chip_ID,Device_ID,OP,Row,Col,Res,Cond,Meas_I,Meas_V,Success/State,Prog_VBL,Prog_VSL,Prog_VWL,Prog_Pulse
chip,device,READ,WL_2,BL_0,4878359.034674698,2.0498696239701488e-07,6.149608871910446e-08,0.2995088876790622,reset
chip,device,READ,WL_2,BL_7,3933566.296115184,2.5422223110555084e-07,7.626666933166525e-08,0.30053284284551685,reset
chip,device,READ,WL_2,BL_15,2657015.5863489616,3.763621128674343e-07,-1.1290863386023028e-07,0.2996241776497003,reset
