Chip_ID,Device_ID,OP,Row,Col,Res,Cond,Meas_I,Meas_V,Success/State,Prog_VBL,Prog_VSL,Prog_VWL,Prog_Pulse
chip,device,READ,WL_2,BL_0,6920350.782983188,1.445013455761451e-07,4.3350403672843534e-08,0.29915694353086725,reset
chip,device,READ,WL_2,BL_7,3819396.3496514494,2.618214786981346e-07,7.854644360944038e-08,0.3005152458851304,reset
chip,device,READ,WL_2,BL_15,2074478.9963117768,4.820487465903021e-07,-1.4461462397709063e-07,0.29937781118238,reset
