Chip_ID,Device_ID,OP,Row,Col,Res,Cond,Meas_I,Meas_V,Success/State,Prog_VBL,Prog_VSL,Prog_VWL,Prog_Pulse
chip,device,READ,WL_3,BL_0,5722652.101297858,1.7474415398643696e-07,5.242324619593109e-08,0.2991393463234575,reset
chip,device,READ,WL_3,BL_7,3819396.3496514494,2.618214786981346e-07,7.854644360944038e-08,0.3001633066773888,reset
chip,device,READ,WL_3,BL_15,2371599.332650138,4.21656384462949e-07,-1.264969153388847e-07,0.29969456806893463,reset
