Chip_ID,Device_ID,OP,Row,Col,Res,Cond,Meas_I,Meas_V,Prog_VBL,Prog_VSL,Prog_VWL,Prog_Pulse,Success/State
chip,device,READ,WL_0,BL_0,-1034.0744867880824,-0.0009670483246386627,-0.0002901144973915988,0.29911949667349985,set
chip,device,READ,WL_0,BL_7,17445.028061721558,5.7322922981948775e-05,1.7196876894584634e-05,0.3006188567878898,unknown
chip,device,READ,WL_0,BL_15,-10373.278233442035,-9.64015403323644e-05,-2.8920462099709318e-05,0.29922802037024954,set
chip,device,READ,WL_127,BL_0,-1039.1648466772665,-0.0009623112282882776,-0.00028869336848648327,0.2990828944820872,set
chip,device,READ,WL_127,BL_7,18670.20251698299,5.3561282963608414e-05,1.6068384889082525e-05,0.30026382051512024,unknown
chip,device,READ,WL_127,BL_15,-11296.725808521065,-8.852122437509325e-05,-2.6556367312527976e-05,0.29938175304585796,set
