Chip_ID,Device_ID,OP,Row,Col,Res,Cond,Meas_I,Meas_V,Success/State,Prog_VBL,Prog_VSL,Prog_VWL,Prog_Pulse
chip,device,READ,WL_2,BL_0,8752081.243202388,1.1425853716528113e-07,3.427756114958434e-08,0.29896337424936004,reset
chip,device,READ,WL_2,BL_7,17654808.134381663,5.664179369089608e-08,1.6992538107268822e-08,0.3003392762812596,reset
chip,device,READ,WL_2,BL_15,2011478.149571969,4.971468371221404e-07,-1.491440511366421e-07,0.2998177513025954,reset
chip,device,READ,WL_126,BL_0,6264771.164330007,1.5962274978114801e-07,4.78868249343444e-08,0.2989985686641795,reset
chip,device,READ,WL_126,BL_7,3609848.004747792,2.7701997388387733e-07,8.310599216516319e-08,0.3004624550039692,reset
chip,device,READ,WL_126,BL_15,2141553.9030205295,4.669506560584638e-07,-1.4008519681753912e-07,0.2995009944160401,reset
