Chip_ID,Device_ID,OP,Row,Col,Res,Cond,Meas_I,Meas_V,Prog_VBL,Prog_VSL,Prog_VWL,Prog_Pulse,Success/State
chip,device,READ,WL_2,BL_0,-1052.1127351862394,-0.0009504684874126016,-0.0002851405462237804,0.2991689096319063,set
chip,device,READ,WL_2,BL_7,18950.391357823744,5.276935874926646e-05,1.583080762477994e-05,0.3003864361350967,unknown
chip,device,READ,WL_2,BL_15,-10523.824961850349,-9.502248503990466e-05,-2.85067455119714e-05,0.2994165259129596,set
chip,device,READ,WL_126,BL_0,-1040.2316527817688,-0.0009613243332154121,-0.00028839729996462364,0.29901701053754465,set
chip,device,READ,WL_126,BL_7,15957.00253441684,6.266841142897303e-05,1.880052342869191e-05,0.3004523191547864,unknown
chip,device,READ,WL_126,BL_15,-10545.68909275305,-9.482547714091017e-05,-2.844764314227305e-05,0.2992957359535527,set
