Chip_ID,Device_ID,OP,Row,Col,Res,Cond,Meas_I,Meas_V,Success/State,Prog_VBL,Prog_VSL,Prog_VWL,Prog_Pulse
chip,device,READ,WL_3,BL_0,5065182.304061072,1.974262602943704e-07,5.922787808831112e-08,0.29936811001978425,reset
chip,device,READ,WL_3,BL_7,4183684.922139701,2.390237359195206e-07,7.170712077585618e-08,0.30048005196435557,reset
chip,device,READ,WL_3,BL_15,2141553.9030205295,4.669506560584638e-07,-1.4008519681753912e-07,0.2998881417218291,reset
