Chip_ID,Device_ID,OP,Row,Col,Res,Cond,Meas_I,Meas_V,Prog_VBL,Prog_VSL,Prog_VWL,Prog_Pulse,Success/State
chip,device,READ,WL_2,BL_0,1005.1768605846149,0.0009948498012761614,-0.0004974249006380807,0.49957414310718234,set
chip,device,READ,WL_2,BL_7,430924.28373550647,2.320593286902768e-06,1.160296643451384e-06,0.49915184636974813,reset
chip,device,READ,WL_2,BL_15,198557.85713350167,5.036315431867516e-06,-2.518157715933758e-06,0.5002984640844617,reset
chip,device,READ,WL_126,BL_0,1004.3938571829406,0.0009956253643413709,-0.0004978126821706854,0.49985506492627163,set
chip,device,READ,WL_126,BL_7,410547.52301513427,2.4357716072814704e-06,1.2178858036407352e-06,0.49932936450613324,reset
chip,device,READ,WL_126,BL_15,198994.90931827566,5.0252541807518495e-06,-2.5126270903759248e-06,0.5002920585563125,reset
