Chip_ID,Device_ID,OP,Row,Col,Res,Cond,Meas_I,Meas_V,Success/State,Prog_VBL,Prog_VSL,Prog_VWL,Prog_Pulse
chip,device,READ,WL_2,BL_0,8752081.243202388,1.1425853716528113e-07,3.427756114958434e-08,0.29884019379749244,reset
chip,device,READ,WL_2,BL_7,5381291.322113004,1.8582900276942127e-07,5.574870083082638e-08,0.3001985005981623,reset
chip,device,READ,WL_2,BL_15,2141553.9030205295,4.669506560584638e-07,-1.4008519681753912e-07,0.2998177513025954,reset
chip,device,READ,WL_126,BL_0,7729173.389681787,1.2937994137057007e-07,3.881398241117102e-08,0.29885779100490156,reset
chip,device,READ,WL_126,BL_7,4183684.922139701,2.390237359195206e-07,7.170712077585618e-08,0.30058563372667807,reset
chip,device,READ,WL_126,BL_15,1981391.2395486957,5.046958823880595e-07,-1.5140876471641784e-07,0.29971216567374387,reset
