Chip_ID,Device_ID,OP,Row,Col,Res,Cond,Meas_I,Meas_V,Prog_VBL,Prog_VSL,Prog_VWL,Prog_Pulse,Success/State
chip,device,READ,WL_2,BL_0,72021.10412175396,1.3884819070663903e-05,-6.942409535331951e-06,0.5000270952259098,reset
chip,device,READ,WL_2,BL_7,353479824.76683563,2.8290157738411966e-09,1.4145078869205983e-09,0.4992204745152584,reset
chip,device,READ,WL_2,BL_15,1012574.9953874652,9.875811713258301e-07,-4.937905856629151e-07,0.5002014660867576,reset
chip,device,READ,WL_126,BL_0,72018.42761289618,1.3885335089167265e-05,-6.942667544583633e-06,0.4998669606384804,reset
chip,device,READ,WL_126,BL_7,288135500.4240327,3.4705893530243815e-09,1.7352946765121907e-09,0.4993778617289596,reset
chip,device,READ,WL_126,BL_15,1008223.2508053762,9.918438195123874e-07,-4.959219097561937e-07,0.5003057846880623,reset
