Chip_ID,Device_ID,OP,Row,Col,Res,Cond,Meas_I,Meas_V,Prog_VBL,Prog_VSL,Prog_VWL,Prog_Pulse,Success/State
chip,device,READ,WL_2,BL_0,989.8711970565358,0.0010102324453662083,0.0007071627117563457,0.29902067075668637,set
chip,device,READ,WL_2,BL_7,101131.8063089861,9.888086018603474e-06,6.921660213022432e-06,0.30041754756106104,reset
chip,device,READ,WL_2,BL_15,43812.862860205176,2.2824347342713613e-05,-1.597704313989953e-05,0.2991767761450471,unknown
chip,device,READ,WL_126,BL_0,989.2913344230678,0.0010108245824099705,0.0007075772076869793,0.29903897185239303,set
chip,device,READ,WL_126,BL_7,96179.92426331266,1.0397180156456465e-05,7.2780261095195245e-06,0.30037179546405396,reset
chip,device,READ,WL_126,BL_15,38165.570903080246,2.6201625610146253e-05,-1.8341137927102376e-05,0.2991218716180447,unknown
