Chip_ID,Device_ID,OP,Row,Col,Res,Cond,Meas_I,Meas_V,Success/State,Prog_VBL,Prog_VSL,Prog_VWL,Prog_Pulse
chip,device,READ,WL_2,BL_0,3563868.2904003877,2.8059398342345967e-07,8.417819502703791e-08,0.29896337424936004,reset
chip,device,READ,WL_2,BL_7,2608177.825563964,3.83409440184076e-07,1.1502283205522279e-07,0.3002160975585494,reset
chip,device,READ,WL_2,BL_15,2657015.5863489616,3.763621128674343e-07,-1.1290863386023028e-07,0.2998001536977862,reset
chip,device,READ,WL_126,BL_0,5266884.68158191,1.8986555819172593e-07,5.695966745751778e-08,0.29917454073827765,reset
chip,device,READ,WL_126,BL_7,3174439.7982976576,3.15016211848234e-07,9.450486355447018e-08,0.3004448580435814,reset
chip,device,READ,WL_126,BL_15,2506207.571241285,3.9900924866519165e-07,-1.197027745995575e-07,0.29958898244008375,reset
