Chip_ID,Device_ID,OP,Row,Col,Res,Cond,Meas_I,Meas_V,Prog_VBL,Prog_VSL,Prog_VWL,Prog_Pulse,Success/State
chip,device,READ,WL_2,BL_0,1130.7233846615245,0.0008843895983449075,-0.00026531687950347225,0.29885779100490156,set
chip,device,READ,WL_2,BL_7,102442.36849779189,9.761586096299157e-06,-2.9284758288897467e-06,0.3002336945189371,reset
chip,device,READ,WL_2,BL_15,716597.6508846324,1.3954832237665172e-06,-4.1864496712995514e-07,0.2994833968112322,reset
chip,device,READ,WL_126,BL_0,1130.8103909816475,0.0008843215520259837,-0.0002652964656077951,0.29901616587158997,set
chip,device,READ,WL_126,BL_7,102283.11676938765,9.7767845914849e-06,-2.93303537744547e-06,0.3000577249150663,reset
chip,device,READ,WL_126,BL_15,705153.7915789726,1.4181303595642746e-06,-4.2543910786928235e-07,0.2996241776497003,reset
