Chip_ID,Device_ID,OP,Row,Col,Res,Cond,Meas_I,Meas_V,Prog_VBL,Prog_VSL,Prog_VWL,Prog_Pulse,Success/State
chip,device,READ,WL_2,BL_0,1009.0626462769244,0.000991018747636371,-0.00029730562429091127,0.29904995250981625,set
chip,device,READ,WL_2,BL_7,293838.7796271042,3.4032267669674135e-06,1.020968030090224e-06,0.30028578152168234,reset
chip,device,READ,WL_2,BL_15,162578.2799848403,6.150883132071796e-06,-1.845264939621539e-06,0.2992756042936525,reset
chip,device,READ,WL_126,BL_0,1009.2945909339583,0.0009907910029267495,-0.00029723730087802486,0.2988687716623254,set
chip,device,READ,WL_126,BL_7,325200.028828345,3.0750304777120554e-06,9.225091433136166e-07,0.3003068274863054,reset
chip,device,READ,WL_126,BL_15,152664.36256998562,6.5503172002016645e-06,-1.965095160060499e-06,0.2994183560638589,reset
