Chip_ID,Device_ID,OP,Row,Col,Res,Cond,Meas_I,Meas_V,Prog_VBL,Prog_VSL,Prog_VWL,Prog_Pulse,Success/State
chip,device,READ,WL_0,BL_0,-1041.3006515026545,-0.0009603374381423315,-0.00028810123144269945,0.2991524386457708,set
chip,device,READ,WL_0,BL_7,17266.12758250403,5.791686614277725e-05,1.7375059842833175e-05,0.3004285280643428,unknown
chip,device,READ,WL_0,BL_15,-11475.500444012805,-8.714216908263353e-05,-2.6142650724790056e-05,0.29931037716075476,set
chip,device,READ,WL_127,BL_0,-1043.230396209795,-0.0009585610270110447,-0.0002875683081033134,0.29930433774013243,set
chip,device,READ,WL_127,BL_7,16007.57340700407,6.247043037531552e-05,1.8741129112594655e-05,0.30026199043123936,unknown
chip,device,READ,WL_127,BL_15,-10955.382184111064,-9.127933496015607e-05,-2.7383800488046822e-05,0.2993268485188549,set
