Chip_ID,Device_ID,OP,Row,Col,Res,Cond,Meas_I,Meas_V,Success/State,Prog_VBL,Prog_VSL,Prog_VWL,Prog_Pulse
chip,device,READ,WL_2,BL_0,7729173.389681787,1.2937994137057007e-07,3.881398241117102e-08,0.29917454073827765,reset
chip,device,READ,WL_2,BL_7,3422097.1836032504,2.9221846906962e-07,8.766554072088598e-08,0.3004096641228073,reset
chip,device,READ,WL_2,BL_15,2414832.8352234433,4.1410733919702995e-07,-1.2423220175910898e-07,0.2995713848352745,reset
chip,device,READ,WL_126,BL_0,5981453.240330806,1.671834518837925e-07,5.0155035565137745e-08,0.29901616587158997,reset
chip,device,READ,WL_126,BL_7,3252910.919936507,3.0741696425536263e-07,9.222508927660879e-08,0.30011051579622755,reset
chip,device,READ,WL_126,BL_15,2107482.8860985273,4.7449970132438307e-07,-1.423499103973149e-07,0.2995009944160401,reset
