Chip_ID,Device_ID,OP,Row,Col,Res,Cond,Meas_I,Meas_V,Success/State,Prog_VBL,Prog_VSL,Prog_VWL,Prog_Pulse
chip,device,READ,WL_2,BL_0,5065182.304061072,1.974262602943704e-07,5.922787808831112e-08,0.29922733236050625,reset
chip,device,READ,WL_2,BL_7,3819396.3496514494,2.618214786981346e-07,7.854644360944038e-08,0.30028648540009834,reset
chip,device,READ,WL_2,BL_15,2176744.6532780603,4.5940161079254466e-07,-1.378204832377634e-07,0.2998353489074033,reset
