Chip_ID,Device_ID,OP,Row,Col,Res,Cond,Meas_I,Meas_V,Prog_VBL,Prog_VSL,Prog_VWL,Prog_Pulse,Success/State
chip,device,READ,WL_2,BL_0,986.566821689544,0.001013616085616432,0.0007095312599315023,0.2991011955777932,set
chip,device,READ,WL_2,BL_7,80427.50948162525,1.2433556707714086e-05,8.70348969539986e-06,0.30029127177332354,reset
chip,device,READ,WL_2,BL_15,43491.09782281545,2.299321125610675e-05,-1.6095247879274724e-05,0.299339659575155,unknown
chip,device,READ,WL_126,BL_0,987.9684817821017,0.0010121780385100908,0.0007085246269570635,0.29901884064711587,set
chip,device,READ,WL_126,BL_7,73413.66093517444,1.3621443029288753e-05,9.535010120502128e-06,0.30050905175507386,reset
chip,device,READ,WL_126,BL_15,46026.250258640895,2.172673190582719e-05,-1.520871233407903e-05,0.29923717112475023,unknown
