Chip_ID,Device_ID,OP,Row,Col,Res,Cond,Meas_I,Meas_V,Success/State,Prog_VBL,Prog_VSL,Prog_VWL,Prog_Pulse
chip,device,READ,WL_3,BL_0,5722652.101297858,1.7474415398643696e-07,5.242324619593109e-08,0.29910415190863804,reset
chip,device,READ,WL_3,BL_7,3335359.9351358977,2.9981771666249133e-07,8.994531499874739e-08,0.3002688884397106,reset
chip,device,READ,WL_3,BL_15,2289615.9221080337,4.367544749947873e-07,-1.310263424984362e-07,0.2996417752545095,reset
