Chip_ID,Device_ID,OP,Row,Col,Res,Cond,Meas_I,Meas_V,Success/State,Prog_VBL,Prog_VSL,Prog_VWL,Prog_Pulse
chip,device,READ,WL_2,BL_0,3297325.5520594595,3.032760897313931e-07,9.098282691941793e-08,0.2986818189308041,reset
chip,device,READ,WL_2,BL_7,2557487.931241197,3.910086877769473e-07,1.1730260633308418e-07,0.30012811275661394,reset
chip,device,READ,WL_2,BL_15,3499273.9221207504,2.8577356967640465e-07,-8.573207090292139e-08,0.29978255609297755,reset
chip,device,READ,WL_126,BL_0,16304270.970916161,6.133362244676976e-08,1.8400086734030927e-08,0.29884019379749244,reset
chip,device,READ,WL_126,BL_7,6133792.991947595,1.6303125999080727e-07,4.890937799724218e-08,0.3006384246078393,reset
chip,device,READ,WL_126,BL_15,2042492.8719728927,4.895977918562213e-07,-1.4687933755686639e-07,0.2996417752545095,reset
