Chip_ID,Device_ID,OP,Row,Col,Res,Cond,Meas_I,Meas_V,Prog_VBL,Prog_VSL,Prog_VWL,Prog_Pulse,Success/State
chip,device,READ,WL_2,BL_0,1003.7794954796573,0.000996234735321176,-0.000498117367660588,0.49975676189790735,set
chip,device,READ,WL_2,BL_7,136544.85678343865,7.323600636133874e-06,-3.661800318066937e-06,0.4994616534266204,reset
chip,device,READ,WL_2,BL_15,208983.4890823016,4.785067013625088e-06,-2.392533506812544e-06,0.5002337551776367,reset
chip,device,READ,WL_126,BL_0,1003.7103935973889,0.0009963033225310236,-0.0004981516612655118,0.49984303849195005,set
chip,device,READ,WL_126,BL_7,133261.11710992246,7.504064363914455e-06,-3.7520321819572277e-06,0.4993989076935833,reset
chip,device,READ,WL_126,BL_15,202087.47677088436,4.948352149172236e-06,-2.474176074586118e-06,0.5004873618023651,reset
