Chip_ID,Device_ID,OP,Row,Col,Res,Cond,Meas_I,Meas_V,Success/State,Prog_VBL,Prog_VSL,Prog_VWL,Prog_Pulse
chip,device,READ,WL_2,BL_0,5722652.101297858,1.7474415398643696e-07,5.242324619593109e-08,0.2991921379456868,reset
chip,device,READ,WL_2,BL_7,3028332.714136525,3.302147070339767e-07,9.9064412110193e-08,0.30014570971700105,reset
chip,device,READ,WL_2,BL_15,2250713.6549654715,4.4430352026070646e-07,-1.3329105607821192e-07,0.2998353489074033,reset
chip,device,READ,WL_126,BL_0,5722652.101297858,1.7474415398643696e-07,5.242324619593109e-08,0.29912174911604844,reset
chip,device,READ,WL_126,BL_7,3335359.9351358977,2.9981771666249133e-07,8.994531499874739e-08,0.3004624550039692,reset
chip,device,READ,WL_126,BL_15,2711400.6737973075,3.688130676015151e-07,-1.1064392028045454e-07,0.2994833968112322,reset
