Chip_ID,Device_ID,OP,Row,Col,Res,Cond,Meas_I,Meas_V,Prog_VBL,Prog_VSL,Prog_VWL,Prog_Pulse,Success/State
chip,device,READ,WL_2,BL_0,72023.14987336964,1.388442468509347e-05,-6.9422123425467355e-06,0.49964826254479267,reset
chip,device,READ,WL_2,BL_7,300665327.973758,3.3259571588755982e-09,1.6629785794377991e-09,0.49931563887703095,reset
chip,device,READ,WL_2,BL_15,1009390.0384397631,9.906973141380735e-07,-4.953486570690367e-07,0.5003414726306136,reset
chip,device,READ,WL_126,BL_0,72022.21301942032,1.3884605291569652e-05,-6.942302645784825e-06,0.49975715406424376,reset
chip,device,READ,WL_126,BL_7,343571398.49302477,2.9106031654154186e-09,1.455301582707709e-09,0.4992195594733173,reset
chip,device,READ,WL_126,BL_15,984151.0666638761,1.0161041672086476e-06,-5.080520836043238e-07,0.5002700967455112,reset
