Chip_ID,Device_ID,OP,Row,Col,Res,Cond,Meas_I,Meas_V,Success/State,Prog_VBL,Prog_VSL,Prog_VWL,Prog_Pulse
chip,device,READ,WL_2,BL_0,4543216.668391437,2.2010836660230385e-07,6.603250998069116e-08,0.2989985686641795,reset
chip,device,READ,WL_2,BL_7,4183684.922139701,2.390237359195206e-07,7.170712077585618e-08,0.3003392762812596,reset
chip,device,READ,WL_2,BL_15,2176744.6532780603,4.5940161079254466e-07,-1.378204832377634e-07,0.2997297632785518,reset
