Chip_ID,Device_ID,OP,Row,Col,Res,Cond,Meas_I,Meas_V,Prog_VBL,Prog_VSL,Prog_VWL,Prog_Pulse,Success/State
chip,device,READ,WL_2,BL_0,1009.8906131664268,0.0009902062529966334,-0.00029706187589899,0.2987790962933659,set
chip,device,READ,WL_2,BL_7,312609.5956456848,3.1988781340333876e-06,9.596634402100161e-07,0.30039741663837777,reset
chip,device,READ,WL_2,BL_15,155138.58166121505,6.445849828534316e-06,-1.9337549485602946e-06,0.29940920530935883,reset
chip,device,READ,WL_126,BL_0,1009.2130847155345,0.0009908710213382425,-0.00029726130640147277,0.2988852426484609,set
chip,device,READ,WL_126,BL_7,325200.028828345,3.0750304777120554e-06,9.225091433136166e-07,0.30055480385208094,reset
chip,device,READ,WL_126,BL_15,163888.16097814316,6.101722015987258e-06,-1.8305166047961775e-06,0.299522674665165,reset
