Chip_ID,Device_ID,OP,Row,Col,Res,Cond,Meas_I,Meas_V,Success/State,Prog_VBL,Prog_VSL,Prog_VWL,Prog_Pulse
chip,device,READ,WL_3,BL_0,6264771.164330007,1.5962274978114801e-07,4.78868249343444e-08,0.29912174911604844,reset
chip,device,READ,WL_3,BL_7,4321063.890993798,2.314244883266493e-07,6.942734649799479e-08,0.3003392762812596,reset
chip,device,READ,WL_3,BL_15,2176744.6532780603,4.5940161079254466e-07,-1.378204832377634e-07,0.29969456806893463,reset
