Chip_ID,Device_ID,OP,Row,Col,Res,Cond,Meas_I,Meas_V,Success/State,Prog_VBL,Prog_VSL,Prog_VWL,Prog_Pulse
chip,device,READ,WL_3,BL_0,4704827.043637558,2.125476644996594e-07,6.376429934989781e-08,0.2991921379456868,reset
chip,device,READ,WL_3,BL_7,6133792.991947595,1.6303125999080727e-07,4.890937799724218e-08,0.30069121548900124,reset
chip,device,READ,WL_3,BL_15,2074478.9963117768,4.820487465903021e-07,-1.4461462397709063e-07,0.29971216567374387,reset
