Chip_ID,Device_ID,OP,Row,Col,Res,Cond,Meas_I,Meas_V,Success/State,Prog_VBL,Prog_VSL,Prog_VWL,Prog_Pulse
chip,device,READ,WL_2,BL_0,4251162.582724082,2.3522977080759277e-07,7.056893124227783e-08,0.2990689574938192,reset
chip,device,READ,WL_2,BL_7,3711666.9298852785,2.69420726291006e-07,8.082621788730179e-08,0.30004012795467855,reset
chip,device,READ,WL_2,BL_15,2459671.8722197437,4.065582939311107e-07,-1.2196748817933323e-07,0.29965937285931743,reset
chip,device,READ,WL_126,BL_0,4392340.187836264,2.276690687049483e-07,6.83007206114845e-08,0.29908655470122825,reset
chip,device,READ,WL_126,BL_7,2960209.2699356014,3.37813954626848e-07,1.0134418638805439e-07,0.3002336945189371,reset
chip,device,READ,WL_126,BL_15,2459671.8722197437,4.065582939311107e-07,-1.2196748817933323e-07,0.299289823158337,reset
