Chip_ID,Device_ID,OP,Row,Col,Res,Cond,Meas_I,Meas_V,Success/State,Prog_VBL,Prog_VSL,Prog_VWL,Prog_Pulse
chip,device,READ,WL_4,BL_0,6920350.782983188,1.445013455761451e-07,4.3350403672843534e-08,0.29922733236050625,reset
chip,device,READ,WL_4,BL_7,4054772.12933706,2.466229835123919e-07,7.398689505371757e-08,0.3005152458851304,reset
chip,device,READ,WL_4,BL_15,2250713.6549654715,4.4430352026070646e-07,-1.3329105607821192e-07,0.2996417752545095,reset
