Chip_ID,Device_ID,OP,Row,Col,Res,Cond,Meas_I,Meas_V,Success/State,Prog_VBL,Prog_VSL,Prog_VWL,Prog_Pulse
chip,device,READ,WL_2,BL_0,6920350.782983188,1.445013455761451e-07,4.3350403672843534e-08,0.29922733236050625,reset
chip,device,READ,WL_2,BL_7,3513466.1489533056,2.8461922147674863e-07,8.538576644302459e-08,0.30048005196435557,reset
chip,device,READ,WL_2,BL_15,2371599.332650138,4.21656384462949e-07,-1.264969153388847e-07,0.29971216567374387,reset
