Chip_ID,Device_ID,OP,Row,Col,Res,Cond,Meas_I,Meas_V,Success/State,Prog_VBL,Prog_VSL,Prog_VWL,Prog_Pulse
chip,device,READ,WL_3,BL_0,4543216.668391437,2.2010836660230385e-07,6.603250998069116e-08,0.29949129047165246,reset
chip,device,READ,WL_3,BL_7,4183684.922139701,2.390237359195206e-07,7.170712077585618e-08,0.3006208276474529,reset
chip,device,READ,WL_3,BL_15,2414832.8352234433,4.1410733919702995e-07,-1.2423220175910898e-07,0.29967697046412606,reset
