Chip_ID,Device_ID,OP,Row,Col,Res,Cond,Meas_I,Meas_V,Success/State,Prog_VBL,Prog_VSL,Prog_VWL,Prog_Pulse
chip,device,READ,WL_2,BL_0,6920350.782983188,1.445013455761451e-07,4.3350403672843534e-08,0.2994384988494232,reset
chip,device,READ,WL_2,BL_7,3609848.004747792,2.7701997388387733e-07,8.310599216516319e-08,0.30028648540009834,reset
chip,device,READ,WL_2,BL_15,2329886.648059663,4.2920542972886826e-07,-1.2876162891866046e-07,0.299536189625658,reset
