Chip_ID,Device_ID,OP,Row,Col,Res,Cond,Meas_I,Meas_V,Success/State,Prog_VBL,Prog_VSL,Prog_VWL,Prog_Pulse
chip,device,READ,WL_3,BL_0,6264771.164330007,1.5962274978114801e-07,4.78868249343444e-08,0.29903376307899904,reset
chip,device,READ,WL_3,BL_7,4183684.922139701,2.390237359195206e-07,7.170712077585618e-08,0.3006208276474529,reset
chip,device,READ,WL_3,BL_15,2250713.6549654715,4.4430352026070646e-07,-1.3329105607821192e-07,0.29971216567374387,reset
