Chip_ID,Device_ID,OP,Row,Col,Res,Cond,Meas_I,Meas_V,Success/State,Prog_VBL,Prog_VSL,Prog_VWL,Prog_Pulse
chip,device,READ,WL_2,BL_0,10087037.723832102,9.913713295999217e-08,2.974113988799765e-08,0.29912174911604844,reset
chip,device,READ,WL_2,BL_7,4793249.290128791,2.0862674554803527e-07,6.258802366441059e-08,0.3003744702020331,reset
chip,device,READ,WL_2,BL_15,2213111.2586126826,4.518525655266256e-07,-1.3555576965798767e-07,0.29965937285931743,reset
chip,device,READ,WL_126,BL_0,10919840.297748014,9.157643085734769e-08,2.7472929257204305e-08,0.2989985686641795,reset
chip,device,READ,WL_126,BL_7,7997759.218120941,1.2503502202645057e-07,3.751050660793517e-08,0.30025129147932356,reset
chip,device,READ,WL_126,BL_15,2289615.9221080337,4.367544749947873e-07,-1.310263424984362e-07,0.299536189625658,reset
