Chip_ID,Device_ID,OP,Row,Col,Res,Cond,Meas_I,Meas_V,Success/State,Prog_VBL,Prog_VSL,Prog_VWL,Prog_Pulse
chip,device,READ,WL_2,BL_0,6576262.882598064,1.5206204767850355e-07,4.561861430355106e-08,0.2987698049678528,reset
chip,device,READ,WL_2,BL_7,4467771.359126647,2.2382524073377792e-07,6.714757222013338e-08,0.3004096641228073,reset
chip,device,READ,WL_2,BL_15,2414832.8352234433,4.1410733919702995e-07,-1.2423220175910898e-07,0.29951859202084874,reset
chip,device,READ,WL_126,BL_0,5266884.68158191,1.8986555819172593e-07,5.695966745751778e-08,0.29896337424936004,reset
chip,device,READ,WL_126,BL_7,3513466.1489533056,2.8461922147674863e-07,8.538576644302459e-08,0.3004096641228073,reset
chip,device,READ,WL_126,BL_15,2506207.571241285,3.9900924866519165e-07,-1.197027745995575e-07,0.29969456806893463,reset
