Chip_ID,Device_ID,OP,Row,Col,Res,Cond,Meas_I,Meas_V,Success/State,Prog_VBL,Prog_VSL,Prog_VWL,Prog_Pulse
chip,device,READ,WL_2,BL_0,5981453.240330806,1.671834518837925e-07,5.0155035565137745e-08,0.29866422172339496,reset
chip,device,READ,WL_2,BL_7,3335359.9351358977,2.9981771666249133e-07,8.994531499874739e-08,0.300356873241646,reset
chip,device,READ,WL_2,BL_15,2459671.8722197437,4.065582939311107e-07,-1.2196748817933323e-07,0.2995713848352745,reset
chip,device,READ,WL_126,BL_0,7729173.389681787,1.2937994137057007e-07,3.881398241117102e-08,0.2987698049678528,reset
chip,device,READ,WL_126,BL_7,4054772.12933706,2.466229835123919e-07,7.398689505371757e-08,0.3004448580435814,reset
chip,device,READ,WL_126,BL_15,1818214.367579143,5.499901539835743e-07,-1.6499704619507228e-07,0.29960658004489166,reset
