Chip_ID,Device_ID,OP,Row,Col,Res,Cond,Meas_I,Meas_V,Success/State,Prog_VBL,Prog_VSL,Prog_VWL,Prog_Pulse
chip,device,READ,WL_3,BL_0,6576262.882598064,1.5206204767850355e-07,4.561861430355106e-08,0.2991921379456868,reset
chip,device,READ,WL_3,BL_7,3711666.9298852785,2.69420726291006e-07,8.082621788730179e-08,0.30067361852861346,reset
chip,device,READ,WL_3,BL_15,2213111.2586126826,4.518525655266256e-07,-1.3555576965798767e-07,0.29965937285931743,reset
