Chip_ID,Device_ID,OP,Row,Col,Res,Cond,Meas_I,Meas_V,Success/State,Prog_VBL,Prog_VSL,Prog_VWL,Prog_Pulse
chip,device,READ,WL_2,BL_0,4878359.034674698,2.0498696239701488e-07,6.149608871910446e-08,0.2992625267753257,reset
chip,device,READ,WL_2,BL_7,4183684.922139701,2.390237359195206e-07,7.170712077585618e-08,0.3006032306870651,reset
chip,device,READ,WL_2,BL_15,2141553.9030205295,4.669506560584638e-07,-1.4008519681753912e-07,0.29958898244008375,reset
chip,device,READ,WL_126,BL_0,3766867.3839876316,2.654725792181707e-07,7.964177376545121e-08,0.29915694353086725,reset
chip,device,READ,WL_126,BL_7,2715834.533393695,3.682109449983333e-07,1.1046328349949998e-07,0.30039206716242084,reset
chip,device,READ,WL_126,BL_15,2953189.990683632,3.386168865378386e-07,-1.0158506596135157e-07,0.29967697046412606,reset
