Chip_ID,Device_ID,OP,Row,Col,Res,Cond,Meas_I,Meas_V,Prog_VBL,Prog_VSL,Prog_VWL,Prog_Pulse,Success/State
chip,device,READ,WL_2,BL_0,992.6973695603331,0.0010073563511535256,0.0007051494458074678,0.2988998835250265,set
chip,device,READ,WL_2,BL_7,98593.72722744617,1.014263308752997e-05,7.099843161270978e-06,0.30054199326491904,reset
chip,device,READ,WL_2,BL_15,43651.387397425264,2.2908779299394823e-05,-1.6036145509576377e-05,0.2991291922216448,unknown
chip,device,READ,WL_126,BL_0,986.8962661386248,0.0010132777215913942,0.000709294405113976,0.29887426199103767,set
chip,device,READ,WL_126,BL_7,110624.4154436913,9.039595788951382e-06,6.327717052265967e-06,0.3003937564706181,reset
chip,device,READ,WL_126,BL_15,43975.53742061118,2.2739915386032406e-05,-1.5917940770222683e-05,0.2991401731270449,unknown
