Chip_ID,Device_ID,OP,Row,Col,Res,Cond,Meas_I,Meas_V,Success/State,Prog_VBL,Prog_VSL,Prog_VWL,Prog_Pulse
chip,device,READ,WL_2,BL_0,6264771.164330007,1.5962274978114801e-07,4.78868249343444e-08,0.2986994161382138,reset
chip,device,READ,WL_2,BL_7,4054772.12933706,2.466229835123919e-07,7.398689505371757e-08,0.30032167932087184,reset
chip,device,READ,WL_2,BL_15,2506207.571241285,3.9900924866519165e-07,-1.197027745995575e-07,0.2996417752545095,reset
