Chip_ID,Device_ID,OP,Row,Col,Res,Cond,Meas_I,Meas_V,Prog_VBL,Prog_VSL,Prog_VWL,Prog_Pulse,Success/State
chip,device,READ,WL_2,BL_0,1045.3829629561517,0.000956587236865027,-0.00028697617105950807,0.2992311333573078,set
chip,device,READ,WL_2,BL_7,16058.465836671252,6.227244932180204e-05,1.8681734796540613e-05,0.3003297035348086,unknown
chip,device,READ,WL_2,BL_15,9481.91717806552,0.00010546390368324414,-3.163917110497324e-05,0.29918043644684716,unknown
chip,device,READ,WL_126,BL_0,1037.6749889000723,0.000963692881390533,-0.0002891078644171599,0.299035311633252,set
chip,device,READ,WL_126,BL_7,16161.22771370809,6.187648721463108e-05,1.8562946164389323e-05,0.3003297035348086,unknown
chip,device,READ,WL_126,BL_15,9429.076278717652,0.0001060549273800126,-3.181647821400378e-05,0.29943116712015966,unknown
