Chip_ID,Device_ID,OP,Row,Col,Res,Cond,Meas_I,Meas_V,Success/State,Prog_VBL,Prog_VSL,Prog_VWL,Prog_Pulse
chip,device,READ,WL_3,BL_0,6576262.882598064,1.5206204767850355e-07,4.561861430355106e-08,0.2990513602864088,reset
chip,device,READ,WL_3,BL_7,4321063.890993798,2.314244883266493e-07,6.942734649799479e-08,0.3005152458851304,reset
chip,device,READ,WL_3,BL_15,2459671.8722197437,4.065582939311107e-07,-1.2196748817933323e-07,0.29906105429582536,reset
