Chip_ID,Device_ID,OP,Row,Col,Res,Cond,Meas_I,Meas_V,Prog_VBL,Prog_VSL,Prog_VWL,Prog_Pulse,Success/State
chip,device,READ,WL_2,BL_0,1008.3862279527939,0.0009916835159779805,-0.00029750505479339415,0.2988943931963142,set
chip,device,READ,WL_2,BL_7,169378.85674269,5.9039246056498e-06,-1.7711773816949398e-06,0.300313232779887,reset
chip,device,READ,WL_2,BL_15,137564.8553788959,7.26929852283632e-06,-2.180789556850896e-06,0.29950620330706423,reset
chip,device,READ,WL_126,BL_0,1009.5266422458078,0.0009905632582171238,-0.0002971689774651371,0.29870223169139953,set
chip,device,READ,WL_126,BL_7,177184.1862667733,5.643844527379961e-06,-1.693153358213988e-06,0.3003955865544983,reset
chip,device,READ,WL_126,BL_15,136183.3754383366,7.343040196949713e-06,-2.202912059084914e-06,0.2996306535682698,reset
