Chip_ID,Device_ID,OP,Row,Col,Res,Cond,Meas_I,Meas_V,Success/State,Prog_VBL,Prog_VSL,Prog_VWL,Prog_Pulse
chip,device,READ,WL_2,BL_0,0.0,inf,8.190998439624456e-08,0.29917454073827765,set
chip,device,READ,WL_2,BL_7,0.0,inf,7.398689505371757e-08,0.3006384246078393,set
chip,device,READ,WL_2,BL_15,0.0,inf,-1.310263424984362e-07,0.29967697046412606,set
chip,device,READ,WL_126,BL_0,0.0,inf,8.417819502703791e-08,0.2991393463234575,set
chip,device,READ,WL_126,BL_7,0.0,inf,6.942734649799479e-08,0.30039206716242084,set
chip,device,READ,WL_126,BL_15,0.0,inf,-1.197027745995575e-07,0.29958898244008375,set
