Chip_ID,Device_ID,OP,Row,Col,Res,Cond,Meas_I,Meas_V,Prog_VBL,Prog_VSL,Prog_VWL,Prog_Pulse,Success/State
chip,device,READ,WL_2,BL_0,1033.020265830668,0.0009680352197116715,-0.00029041056591350145,0.2989675975791389,set
chip,device,READ,WL_2,BL_7,16806.520849409066,5.9500714571461175e-05,1.785021437143835e-05,0.3004138873933007,unknown
chip,device,READ,WL_2,BL_15,9429.076278717652,0.0001060549273800126,-3.181647821400378e-05,0.29933050882065493,unknown
chip,device,READ,WL_126,BL_0,1037.0377853880743,0.0009642850184342953,-0.0002892855055302886,0.29895112659300277,set
chip,device,READ,WL_126,BL_7,18950.391357823744,5.276935874926646e-05,1.583080762477994e-05,0.30043950856762386,unknown
chip,device,READ,WL_126,BL_15,9811.832454498797,0.00010191776150249005,-3.057532845074701e-05,0.29927926459545257,unknown
