Chip_ID,Device_ID,OP,Row,Col,Res,Cond,Meas_I,Meas_V,Success/State,Prog_VBL,Prog_VSL,Prog_VWL,Prog_Pulse
chip,device,READ,WL_3,BL_0,6576262.882598064,1.5206204767850355e-07,4.561861430355106e-08,0.2991921379456868,reset
chip,device,READ,WL_3,BL_7,4467771.359126647,2.2382524073377792e-07,6.714757222013338e-08,0.3005152458851304,reset
chip,device,READ,WL_3,BL_15,2371599.332650138,4.21656384462949e-07,-1.264969153388847e-07,0.299536189625658,reset
