Chip_ID,Device_ID,OP,Row,Col,Res,Cond,Meas_I,Meas_V,Success/State,Prog_VBL,Prog_VSL,Prog_VWL,Prog_Pulse
chip,device,READ,WL_2,BL_0,5722652.101297858,1.7474415398643696e-07,5.242324619593109e-08,0.2990689574938192,reset
chip,device,READ,WL_2,BL_7,3422097.1836032504,2.9221846906962e-07,8.766554072088598e-08,0.3005680367662917,reset
chip,device,READ,WL_2,BL_15,2289615.9221080337,4.367544749947873e-07,-1.310263424984362e-07,0.2996417752545095,reset
chip,device,READ,WL_126,BL_0,45799917.04488955,2.1834100682319514e-08,-6.5502302046958536e-09,0.29915694353086725,reset
chip,device,READ,WL_126,BL_7,9781167.959056,1.0223727924783658e-07,3.0671183774350975e-08,0.3004976489247427,reset
chip,device,READ,WL_126,BL_15,1618302.1915434233,6.179315613768464e-07,-1.8537946841305393e-07,0.29943060399680577,reset
