Chip_ID,Device_ID,OP,Row,Col,Res,Cond,Meas_I,Meas_V,Success/State,Prog_VBL,Prog_VSL,Prog_VWL,Prog_Pulse
chip,device,READ,WL_2,BL_0,5981453.240330806,1.671834518837925e-07,5.0155035565137745e-08,0.29908655470122825,reset
chip,device,READ,WL_2,BL_7,3335359.9351358977,2.9981771666249133e-07,8.994531499874739e-08,0.3003040823604848,reset
chip,device,READ,WL_2,BL_15,2604769.303560188,3.8391115813335334e-07,-1.15173347440006e-07,0.2994833968112322,reset
