Chip_ID,Device_ID,OP,Row,Col,Res,Cond,Meas_I,Meas_V,Prog_VBL,Prog_VSL,Prog_VWL,Prog_Pulse,Success/State
chip,device,READ,WL_2,BL_0,1130.980188534336,0.0008841887860970612,-0.0002652566358291183,0.2988486404570489,set
chip,device,READ,WL_2,BL_7,103430.49869332497,9.668328129839485e-06,-2.9004984389518457e-06,0.30038460605121653,reset
chip,device,READ,WL_2,BL_15,702014.7188432092,1.4244715575875896e-06,-4.2734146727627683e-07,0.29940737515845883,reset
chip,device,READ,WL_126,BL_0,1131.0083512354854,0.0008841667693325384,-0.00026525003079976153,0.29900053955140987,set
chip,device,READ,WL_126,BL_7,103202.7229499034,9.689666817080199e-06,-2.9069000451240595e-06,0.30023819934079576,reset
chip,device,READ,WL_126,BL_15,695118.6272932525,1.4386033703253443e-06,-4.315810110976033e-07,0.2995482967777652,reset
