Chip_ID,Device_ID,OP,Row,Col,Res,Cond,Meas_I,Meas_V,Success/State,Prog_VBL,Prog_VSL,Prog_VWL,Prog_Pulse
chip,device,READ,WL_2,BL_0,6576262.882598064,1.5206204767850355e-07,4.561861430355106e-08,0.2988049993826723,reset
chip,device,READ,WL_2,BL_7,3711666.9298852785,2.69420726291006e-07,8.082621788730179e-08,0.30069121548900124,reset
chip,device,READ,WL_2,BL_15,2250713.6549654715,4.4430352026070646e-07,-1.3329105607821192e-07,0.29969456806893463,reset
chip,device,READ,WL_126,BL_0,7302433.920544552,1.3694064347321458e-07,4.108219304196437e-08,0.29884019379749244,reset
chip,device,READ,WL_126,BL_7,4321063.890993798,2.314244883266493e-07,6.942734649799479e-08,0.30042726108319434,reset
chip,device,READ,WL_126,BL_15,2414832.8352234433,4.1410733919702995e-07,-1.2423220175910898e-07,0.29958898244008375,reset
