Chip_ID,Device_ID,OP,Row,Col,Res,Cond,Meas_I,Meas_V,Prog_VBL,Prog_VSL,Prog_VWL,Prog_Pulse,Success/State
chip,device,READ,WL_2,BL_0,1130.9469985799292,0.0008842147344266774,-0.0002652644203280032,0.29918538061804173,set
chip,device,READ,WL_2,BL_7,103574.42958771634,9.654892660095301e-06,-2.89646779802859e-06,0.30023087900527573,reset
chip,device,READ,WL_2,BL_15,725196.9674892491,1.3789357165435538e-06,-4.136807149630661e-07,0.29962150281376904,reset
chip,device,READ,WL_126,BL_0,1130.8896750648876,0.000884259554268742,-0.0002652778662806226,0.298952956702574,set
chip,device,READ,WL_126,BL_7,102833.67472402287,9.724440974065386e-06,-2.9173322922196156e-06,0.3002949319410839,reset
chip,device,READ,WL_126,BL_15,702401.8492047165,1.4236864568796827e-06,-4.2710593706390477e-07,0.29930488670805405,reset
