Chip_ID,Device_ID,OP,Row,Col,Res,Cond,Meas_I,Meas_V,Success/State,Prog_VBL,Prog_VSL,Prog_VWL,Prog_Pulse
chip,device,READ,WL_3,BL_0,5722652.101297858,1.7474415398643696e-07,5.242324619593109e-08,0.29908655470122825,reset
chip,device,READ,WL_3,BL_7,4321063.890993798,2.314244883266493e-07,6.942734649799479e-08,0.3002160975585494,reset
chip,device,READ,WL_3,BL_15,2289615.9221080337,4.367544749947873e-07,-1.310263424984362e-07,0.299536189625658,reset
