Chip_ID,Device_ID,OP,Row,Col,Res,Cond,Meas_I,Meas_V,Success/State,Prog_VBL,Prog_VSL,Prog_VWL,Prog_Pulse
chip,device,READ,WL_2,BL_0,9372261.390429832,1.0669783506263666e-07,3.2009350518790996e-08,0.29903376307899904,reset
chip,device,READ,WL_2,BL_7,4793249.290128791,2.0862674554803527e-07,6.258802366441059e-08,0.30028648540009834,reset
chip,device,READ,WL_2,BL_15,1923839.1595473613,5.197939729198977e-07,-1.5593819187596932e-07,0.2995713848352745,reset
chip,device,READ,WL_126,BL_0,4251162.582724082,2.3522977080759277e-07,7.056893124227783e-08,0.29878740217526323,reset
chip,device,READ,WL_126,BL_7,2557487.931241197,3.910086877769473e-07,1.1730260633308418e-07,0.3002688884397106,reset
chip,device,READ,WL_126,BL_15,2459671.8722197437,4.065582939311107e-07,-1.2196748817933323e-07,0.29951859202084874,reset
