Chip_ID,Device_ID,OP,Row,Col,Res,Cond,Meas_I,Meas_V,Success/State,Prog_VBL,Prog_VSL,Prog_VWL,Prog_Pulse
chip,device,READ,WL_4,BL_0,5266884.68158191,1.8986555819172593e-07,5.695966745751778e-08,0.29912174911604844,reset
chip,device,READ,WL_4,BL_7,3422097.1836032504,2.9221846906962e-07,8.766554072088598e-08,0.3005680367662917,reset
chip,device,READ,WL_4,BL_15,2768058.6445750487,3.61264022335596e-07,-1.083792067006788e-07,0.29927222555352845,reset
