Chip_ID,Device_ID,OP,Row,Col,Res,Cond,Meas_I,Meas_V,Prog_VBL,Prog_VSL,Prog_VWL,Prog_Pulse,Success/State
chip,device,READ,WL_0,BL_0,-1036.6134176317184,-0.0009646797764634702,-0.00028940393293904105,0.29924394412430083,set
chip,device,READ,WL_0,BL_7,18670.20251698299,5.3561282963608414e-05,1.6068384889082525e-05,0.30047977041298973,unknown
chip,device,READ,WL_0,BL_15,-10458.773171430987,-9.561350873652979e-05,-2.8684052620958936e-05,0.2991346826743455,set
chip,device,READ,WL_127,BL_0,-1048.194615632149,-0.0009540213096753187,-0.0002862063929025956,0.2990774041533756,set
chip,device,READ,WL_127,BL_7,15856.813346871215,6.3064373536144e-05,1.89193120608432e-05,0.30052369242611593,unknown
chip,device,READ,WL_127,BL_15,-10268.355268011735,-9.73865798269785e-05,-2.9215973948093548e-05,0.2992152093139494,set
