Chip_ID,Device_ID,OP,Row,Col,Res,Cond,Meas_I,Meas_V,Success/State,Prog_VBL,Prog_VSL,Prog_VWL,Prog_Pulse
chip,device,READ,WL_2,BL_0,4543216.668391437,2.2010836660230385e-07,6.603250998069116e-08,0.29917454073827765,reset
chip,device,READ,WL_2,BL_7,4467771.359126647,2.2382524073377792e-07,6.714757222013338e-08,0.30011051579622755,reset
chip,device,READ,WL_2,BL_15,2289615.9221080337,4.367544749947873e-07,-1.310263424984362e-07,0.2994833968112322,reset
chip,device,READ,WL_126,BL_0,7729173.389681787,1.2937994137057007e-07,3.881398241117102e-08,0.2988753882123113,reset
chip,device,READ,WL_126,BL_7,4974443.845602826,2.0102749795516395e-07,6.030824938654918e-08,0.3004976489247427,reset
chip,device,READ,WL_126,BL_15,2141553.9030205295,4.669506560584638e-07,-1.4008519681753912e-07,0.2993602135775721,reset
