Chip_ID,Device_ID,OP,Row,Col,Res,Cond,Meas_I,Meas_V,Prog_VBL,Prog_VSL,Prog_VWL,Prog_Pulse,Success/State
chip,device,READ,WL_2,BL_0,1130.6267266740758,0.0008844652053659339,-0.0002653395616097801,0.29892817983454056,set
chip,device,READ,WL_2,BL_7,102923.1130477223,9.715990610741928e-06,-2.9147971832225783e-06,0.30004012795467855,reset
chip,device,READ,WL_2,BL_15,728419.0798623266,1.3728360879687596e-06,-4.118508263906279e-07,0.29925462794872054,reset
chip,device,READ,WL_126,BL_0,1130.7427182422527,0.0008843744769407022,-0.0002653123430822106,0.2992801239827355,set
chip,device,READ,WL_126,BL_7,102045.16538460768,9.799582334263513e-06,-2.939874700279054e-06,0.30032167932087184,reset
chip,device,READ,WL_126,BL_15,728419.0798623266,1.3728360879687596e-06,-4.118508263906279e-07,0.29925462794872054,reset
