Chip_ID,Device_ID,OP,Row,Col,Res,Cond,Meas_I,Meas_V,Success/State,Prog_VBL,Prog_VSL,Prog_VWL,Prog_Pulse
chip,device,READ,WL_4,BL_0,5065182.304061072,1.974262602943704e-07,5.922787808831112e-08,0.29924492956791665,reset
chip,device,READ,WL_4,BL_7,2960209.2699356014,3.37813954626848e-07,1.0134418638805439e-07,0.3005680367662917,reset
chip,device,READ,WL_4,BL_15,2459671.8722197437,4.065582939311107e-07,-1.2196748817933323e-07,0.2996241776497003,reset
