Chip_ID,Device_ID,OP,Row,Col,Res,Cond,Meas_I,Meas_V,Success/State,Prog_VBL,Prog_VSL,Prog_VWL,Prog_Pulse
chip,device,READ,WL_2,BL_0,3877293.3266352476,2.579118771155263e-07,7.737356313465787e-08,0.29896337424936004,reset
chip,device,READ,WL_2,BL_7,2895083.31926437,3.454132022197193e-07,1.0362396066591579e-07,0.3006208276474529,reset
chip,device,READ,WL_2,BL_15,2506207.571241285,3.9900924866519165e-07,-1.197027745995575e-07,0.29944820160161434,reset
chip,device,READ,WL_126,BL_0,6576262.882598064,1.5206204767850355e-07,4.561861430355106e-08,0.29901616587158997,reset
chip,device,READ,WL_126,BL_7,3819396.3496514494,2.618214786981346e-07,7.854644360944038e-08,0.300356873241646,reset
chip,device,READ,WL_126,BL_15,2554538.0892270245,3.914602033992725e-07,-1.1743806101978175e-07,0.29960658004489166,reset
