Chip_ID,Device_ID,OP,Row,Col,Res,Cond,Meas_I,Meas_V,Prog_VBL,Prog_VSL,Prog_VWL,Prog_Pulse,Success/State
chip,device,READ,WL_2,BL_0,1025.5360402190593,0.00097509981198359,-0.000487549905991795,0.49986003236653404,set
chip,device,READ,WL_2,BL_7,23075.055341076655,4.33368408100789e-05,2.166842040503945e-05,0.4993139395134285,unknown
chip,device,READ,WL_2,BL_15,14878.102650546782,6.721287139145053e-05,-3.360643569572526e-05,0.5000716560979149,unknown
chip,device,READ,WL_126,BL_0,1027.4077445629905,0.00097332340085226,-0.00048666170042613007,0.499829966280732,set
chip,device,READ,WL_126,BL_7,22675.489116406206,4.4100482016790476e-05,2.2050241008395238e-05,0.4992590369970199,unknown
chip,device,READ,WL_126,BL_15,14549.126933055653,6.873264661180442e-05,-3.436632330590221e-05,0.5003095757149273,unknown
