Chip_ID,Device_ID,OP,Row,Col,Res,Cond,Meas_I,Meas_V,Prog_VBL,Prog_VSL,Prog_VWL,Prog_Pulse,Success/State
chip,device,READ,WL_2,BL_0,1041.5147149556415,0.000960140059127816,-0.0002880420177383448,0.2989072039633086,set
chip,device,READ,WL_2,BL_7,18739.470089103048,5.336330191009496e-05,1.6008990573028487e-05,0.30034251412197116,unknown
chip,device,READ,WL_2,BL_15,10185.932854811657,9.817461142281312e-05,-2.9452383426843934e-05,0.2993012264062534,unknown
chip,device,READ,WL_126,BL_0,1043.015626997632,0.0009587584060255604,-0.0002876275218076681,0.2989675975791389,set
chip,device,READ,WL_126,BL_7,20998.763624907624,4.762185135575567e-05,1.4286555406726702e-05,0.3004925810001523,unknown
chip,device,READ,WL_126,BL_15,10746.632381087591,9.305240605046146e-05,-2.7915721815138435e-05,0.29931220731165414,unknown
