Chip_ID,Device_ID,OP,Row,Col,Res,Cond,Meas_I,Meas_V,Prog_VBL,Prog_VSL,Prog_VWL,Prog_Pulse,Success/State
chip,device,READ,WL_0,BL_0,-1040.0181163676064,-0.0009615217122299997,-0.0002884565136689999,0.29886511144318434,set
chip,device,READ,WL_0,BL_7,20404.948973221322,4.9007718730998145e-05,1.4702315619299443e-05,0.30049990133567234,unknown
chip,device,READ,WL_0,BL_15,-10678.805792339273,-9.364342974730159e-05,-2.8093028924190473e-05,0.29941469576205954,set
chip,device,READ,WL_127,BL_0,-1039.8046676040012,-0.0009617190912445871,-0.0002885157273733761,0.29897308790785115,set
chip,device,READ,WL_127,BL_7,21263.969382861156,4.702790819507123e-05,1.4108372458521371e-05,0.30041022722553967,unknown
chip,device,READ,WL_127,BL_15,-10437.267589362142,-9.58105166355243e-05,-2.8743154990657284e-05,0.29931220731165414,set
