Chip_ID,Device_ID,OP,Row,Col,Res,Cond,Meas_I,Meas_V,Prog_VBL,Prog_VSL,Prog_VWL,Prog_Pulse,Success/State
chip,device,READ,WL_2,BL_0,1047.7610696612298,0.0009544160677045652,-0.0002863248203113696,0.2991396278787764,set
chip,device,READ,WL_2,BL_7,14206.629526919905,7.038967251909516e-05,2.111690175572855e-05,0.30060970636848755,unknown
chip,device,READ,WL_2,BL_15,10884.903625274213,9.187035865692453e-05,-2.756110759707736e-05,0.29922252991754883,unknown
chip,device,READ,WL_126,BL_0,1049.0627848297504,0.0009532317936168972,-0.00028596953808506914,0.2992329634668776,set
chip,device,READ,WL_126,BL_7,19689.090278931406,5.078954821341159e-05,1.5236864464023476e-05,0.30038094588345554,unknown
chip,device,READ,WL_126,BL_15,10567.64426191875,9.462846924205903e-05,-2.838854077261771e-05,0.2992810947463532,unknown
