Chip_ID,Device_ID,OP,Row,Col,Res,Cond,Meas_I,Meas_V,Success/State,Prog_VBL,Prog_VSL,Prog_VWL,Prog_Pulse
chip,device,READ,WL_3,BL_0,4118777.759325567,2.427904729105233e-07,7.283714187315699e-08,0.299385707227194,reset
chip,device,READ,WL_3,BL_7,3933566.296115184,2.5422223110555084e-07,7.626666933166525e-08,0.3003744702020331,reset
chip,device,READ,WL_3,BL_15,2329886.648059663,4.2920542972886826e-07,-1.2876162891866046e-07,0.29976495848816964,reset
