Chip_ID,Device_ID,OP,Row,Col,Res,Cond,Meas_I,Meas_V,Prog_VBL,Prog_VSL,Prog_VWL,Prog_Pulse,Success/State
chip,device,READ,WL_2,BL_0,992.030936911429,0.0010080330792035395,0.0007056231554424776,0.29887975231974995,set
chip,device,READ,WL_2,BL_7,101131.8063089861,9.888086018603474e-06,6.921660213022432e-06,0.30036447512853326,reset
chip,device,READ,WL_2,BL_15,40515.60090541547,2.4681850389792346e-05,-1.7277295272854643e-05,0.2990999098072432,unknown
chip,device,READ,WL_126,BL_0,991.4485419277703,0.0010086252162473327,0.0007060376513731328,0.2989309953877262,set
chip,device,READ,WL_126,BL_7,65644.4751200267,1.5233574465658599e-05,1.0663502125961019e-05,0.300379115799576,reset
chip,device,READ,WL_126,BL_15,45148.985964147454,2.2148891689263943e-05,-1.550422418248476e-05,0.299383583196758,unknown
