Chip_ID,Device_ID,OP,Row,Col,Res,Cond,Meas_I,Meas_V,Success/State,Prog_VBL,Prog_VSL,Prog_VWL,Prog_Pulse
chip,device,READ,WL_3,BL_0,7729173.389681787,1.2937994137057007e-07,3.881398241117102e-08,0.2989809714567698,reset
chip,device,READ,WL_3,BL_7,3513466.1489533056,2.8461922147674863e-07,8.538576644302459e-08,0.3006208276474529,reset
chip,device,READ,WL_3,BL_15,2250713.6549654715,4.4430352026070646e-07,-1.3329105607821192e-07,0.2997297632785518,reset
