Chip_ID,Device_ID,OP,Row,Col,Res,Cond,Meas_I,Meas_V,Success/State,Prog_VBL,Prog_VSL,Prog_VWL,Prog_Pulse
chip,device,READ,WL_2,BL_0,5485317.404333761,1.8230485608908142e-07,5.469145682672443e-08,0.2990689574938192,reset
chip,device,READ,WL_2,BL_7,3933566.296115184,2.5422223110555084e-07,7.626666933166525e-08,0.3002160975585494,reset
chip,device,READ,WL_2,BL_15,2414832.8352234433,4.1410733919702995e-07,-1.2423220175910898e-07,0.2998177513025954,reset
chip,device,READ,WL_126,BL_0,10087037.723832102,9.913713295999217e-08,2.974113988799765e-08,0.29852344406411635,reset
chip,device,READ,WL_126,BL_7,4624790.87492657,2.1622599314090663e-07,6.486779794227198e-08,0.3005152458851304,reset
chip,device,READ,WL_126,BL_15,2107482.8860985273,4.7449970132438307e-07,-1.423499103973149e-07,0.29985294651221195,reset
