Chip_ID,Device_ID,OP,Row,Col,Res,Cond,Meas_I,Meas_V,Success/State,Prog_VBL,Prog_VSL,Prog_VWL,Prog_Pulse
chip,device,READ,WL_3,BL_0,5981453.240330806,1.671834518837925e-07,5.0155035565137745e-08,0.2992977211901459,reset
chip,device,READ,WL_3,BL_7,3335359.9351358977,2.9981771666249133e-07,8.994531499874739e-08,0.3006560215682264,reset
chip,device,READ,WL_3,BL_15,2289615.9221080337,4.367544749947873e-07,-1.310263424984362e-07,0.2995713848352745,reset
