Chip_ID,Device_ID,OP,Row,Col,Res,Cond,Meas_I,Meas_V,Success/State,Prog_VBL,Prog_VSL,Prog_VWL,Prog_Pulse
chip,device,READ,WL_2,BL_0,4878359.034674698,2.0498696239701488e-07,6.149608871910446e-08,0.29908655470122825,reset
chip,device,READ,WL_2,BL_7,3252910.919936507,3.0741696425536263e-07,9.222508927660879e-08,0.30058563372667807,reset
chip,device,READ,WL_2,BL_15,2141553.9030205295,4.669506560584638e-07,-1.4008519681753912e-07,0.2997297632785518,reset
