Chip_ID,Device_ID,OP,Row,Col,Res,Cond,Meas_I,Meas_V,Success/State,Prog_VBL,Prog_VSL,Prog_VWL,Prog_Pulse
chip,device,READ,WL_2,BL_0,2749052.420820277,3.6376170655254894e-07,1.0912851196576469e-07,0.29891058262713077,reset
chip,device,READ,WL_2,BL_7,2290404.125923468,4.366041733341753e-07,1.309812520002526e-07,0.3004448580435814,reset
chip,device,READ,WL_2,BL_15,4590690.325610533,2.1783216228313248e-07,-6.534964868493974e-08,0.299536189625658,reset
chip,device,READ,WL_126,BL_0,2807403.6499260864,3.562010044499045e-07,1.0686030133497134e-07,0.29896337424936004,reset
chip,device,READ,WL_126,BL_7,2773065.8966273833,3.60611697405462e-07,1.0818350922163859e-07,0.3003392762812596,reset
chip,device,READ,WL_126,BL_15,3594219.4604118536,2.7822452441048557e-07,-8.346735732314566e-08,0.29939540878718857,reset
