Chip_ID,Device_ID,OP,Row,Col,Res,Cond,Meas_I,Meas_V,Success/State,Prog_VBL,Prog_VSL,Prog_VWL,Prog_Pulse
chip,device,READ,WL_2,BL_0,0.0,inf,6.603250998069116e-08,0.2987698049678528,set
chip,device,READ,WL_2,BL_7,0.0,inf,8.538576644302459e-08,0.30032167932087184,set
chip,device,READ,WL_2,BL_15,0.0,inf,-1.197027745995575e-07,0.2995537872304659,set
chip,device,READ,WL_126,BL_0,0.0,inf,7.737356313465787e-08,0.29910415190863804,set
chip,device,READ,WL_126,BL_7,0.0,inf,4.662960371946703e-08,0.3004624550039692,set
chip,device,READ,WL_126,BL_15,0.0,inf,-1.2876162891866046e-07,0.2997297632785518,set
