Chip_ID,Device_ID,OP,Row,Col,Res,Cond,Meas_I,Meas_V,Success/State,Prog_VBL,Prog_VSL,Prog_VWL,Prog_Pulse
chip,device,READ,WL_2,BL_0,7729173.389681787,1.2937994137057007e-07,3.881398241117102e-08,0.29891058262713077,reset
chip,device,READ,WL_2,BL_7,2373010.2650580984,4.2140567814843274e-07,1.264217034445298e-07,0.30069121548900124,reset
chip,device,READ,WL_2,BL_15,2604769.303560188,3.8391115813335334e-07,-1.15173347440006e-07,0.2998705441170212,reset
chip,device,READ,WL_126,BL_0,42498735.35766225,2.3530111933547366e-08,7.05903358006421e-09,0.2988049993826723,reset
chip,device,READ,WL_126,BL_7,5381291.322113004,1.8582900276942127e-07,5.574870083082638e-08,0.30011051579622755,reset
chip,device,READ,WL_126,BL_15,2042492.8719728927,4.895977918562213e-07,-1.4687933755686639e-07,0.29960658004489166,reset
