Chip_ID,Device_ID,OP,Row,Col,Res,Cond,Meas_I,Meas_V,Prog_VBL,Prog_VSL,Prog_VWL,Prog_Pulse,Success/State
chip,device,READ,WL_2,BL_0,1040.0181163676064,0.0009615217122299997,-0.0002884565136689999,0.29894563626429116,set
chip,device,READ,WL_2,BL_7,18331.406380266213,5.4551188231607886e-05,1.6365356469482367e-05,0.3003937564706181,unknown
chip,device,READ,WL_2,BL_15,12370.432657873584,8.083791631681661e-05,-2.4251374895044982e-05,0.29933050882065493,unknown
chip,device,READ,WL_126,BL_0,1029.8704607528903,0.0009709959049305547,-0.0002912987714791664,0.29918538061804173,set
chip,device,READ,WL_126,BL_7,21444.526422187493,4.663194608790027e-05,1.3989583826370079e-05,0.3004596394903078,unknown
chip,device,READ,WL_126,BL_15,11606.700510829074,8.615712958794776e-05,-2.5847138876384325e-05,0.29922802037024954,unknown
