Chip_ID,Device_ID,OP,Row,Col,Res,Cond,Meas_I,Meas_V,Success/State,Prog_VBL,Prog_VSL,Prog_VWL,Prog_Pulse
chip,device,READ,WL_3,BL_0,6264771.164330007,1.5962274978114801e-07,4.78868249343444e-08,0.29936811001978425,reset
chip,device,READ,WL_3,BL_7,4183684.922139701,2.390237359195206e-07,7.170712077585618e-08,0.3006560215682264,reset
chip,device,READ,WL_3,BL_15,2213111.2586126826,4.518525655266256e-07,-1.3555576965798767e-07,0.2998177513025954,reset
